1,-38
2,-33
3,-34
4,-39
5,-36
6,-19
7,4
8,15
9,5
10,-10
11,-11
12,7
13,26
14,27
15,11
16,-9
17,-23
18,-27
19,-25
20,-15
21,0
22,12
23,15
24,9
25,2
26,3
27,10
28,14
29,8
30,-13
31,-40
32,-62
33,-72
34,-77
35,-87
36,-107
37,-127
38,-136
39,-138
40,-145
41,-165
42,-187
43,-194
44,-185
45,-175
46,-175
47,-178
48,-167
49,-137
50,-102
51,-75
52,-58
53,-42
54,-27
55,-17
56,-15
57,-12
58,-2
59,11
60,15
61,5
62,-5
63,-5
64,0
65,-3
66,-12
67,-14
68,5
69,35
70,61
71,77
72,90
73,108
74,124
75,129
76,120
77,107
78,100
79,94
80,80
81,54
82,23
83,4
84,8
85,32
86,59
87,71
88,63
89,54
90,62
91,87
92,110
93,112
94,96
95,82
96,85
97,99
98,111
99,116
100,119
101,123
102,121
103,106
104,86
105,77
106,93
107,130
108,177
109,230
110,299
111,395
112,520
113,667
114,829
115,1004
116,1185
117,1348
118,1449
119,1467
120,1417
121,1337
122,1237
123,1075
124,803
125,436
126,65
127,-211
128,-370
129,-474
130,-588
131,-700
132,-739
133,-661
134,-505
135,-355
136,-263
137,-221
138,-193
139,-162
140,-144
141,-159
142,-199
143,-237
144,-255
145,-254
146,-244
147,-233
148,-216
149,-192
150,-166
151,-148
152,-141
153,-140
154,-141
155,-142
156,-144
157,-145
158,-141
159,-135
160,-132
161,-136
162,-139
163,-132
164,-114
165,-103
166,-108
167,-121
168,-122
169,-103
170,-77
171,-65
172,-66
173,-60
174,-32
175,6
176,28
177,20
178,2
179,-1
180,11
181,17
182,1
183,-24
184,-30
185,-9
186,15
187,17
188,-3
189,-18
190,-7
191,22
192,43
193,44
194,40
195,49
196,75
197,106
198,125
199,130
200,132
201,141
202,157
203,171
204,175
205,168
206,159
207,159
208,173
209,191
210,197
211,186
212,171
213,175
214,197
215,219
216,216
217,193
218,175
219,179
220,190
221,188
222,170
223,156
224,156
225,158
226,139
227,104
228,78
229,76
230,81
231,67
232,27
233,-18
234,-44
235,-55
236,-63
237,-77
238,-93
239,-106
240,-116
241,-125
242,-130
243,-129
244,-127
245,-135
246,-154
247,-176
248,-192
249,-203
250,-217
251,-234
252,-253
253,-272
254,-286
255,-292
256,-288
257,-279
258,-271
259,-262
260,-245
261,-217
262,-189
263,-183
264,-204
265,-232
266,-241
267,-225
268,-208
269,-214
270,-241
271,-263
272,-260
273,-241
274,-228
275,-234
276,-245
277,-243
278,-230
279,-225
280,-236
281,-245
282,-234
283,-204
284,-177
285,-170
286,-179
287,-182
288,-173
289,-159
290,-151
291,-154
292,-161
293,-166
294,-164
295,-153
296,-135
297,-117
298,-101
299,-88
300,-75
301,-63
302,-58
303,-63
304,-66
305,-60
306,-48
307,-46
308,-59
309,-78
310,-87
311,-78
312,-55
313,-27
314,0
315,24
316,43
317,58
318,67
319,72
320,77
321,82
322,86
323,77
324,49
325,11
326,-13
327,-8
328,15
329,20
330,-5
331,-37
332,-45
333,-24
334,-6
335,-17
336,-45
337,-61
338,-59
339,-66
340,-100
341,-144
342,-166
343,-161
344,-158
345,-181
346,-220
347,-243
348,-235
349,-213
350,-195
351,-178
352,-152
353,-118
354,-92
355,-81
356,-68
357,-40
358,0
359,28
360,34
361,29
362,30
363,40
364,47
365,41
366,21
367,1
368,-9
369,-1
370,17
371,32
372,33
373,31
374,50
375,94
376,137
377,147
378,122
379,93
380,89
381,103
382,108
383,93
384,72
385,63
386,63
387,62
388,61
389,71
390,93
391,113
392,114
393,95
394,78
395,78
396,95
397,116
398,132
399,141
400,150
401,160
402,168
403,170
404,168
405,166
406,163
407,158
408,151
409,158
410,196
411,264
412,353
413,446
414,545
415,660
416,798
417,960
418,1139
419,1313
420,1441
421,1485
422,1446
423,1372
424,1305
425,1213
426,1006
427,646
428,215
429,-136
430,-321
431,-398
432,-483
433,-618
434,-729
435,-717
436,-572
437,-377
438,-231
439,-169
440,-162
441,-170
442,-169
443,-164
444,-167
445,-182
446,-204
447,-222
448,-225
449,-217
450,-207
451,-199
452,-186
453,-167
454,-155
455,-164
456,-184
457,-191
458,-168
459,-126
460,-91
461,-80
462,-81
463,-81
464,-80
465,-90
466,-115
467,-141
468,-149
469,-139
470,-125
471,-121
472,-118
473,-97
474,-50
475,2
476,34
477,40
478,41
479,56
480,81
481,92
482,80
483,58
484,47
485,49
486,51
487,46
488,45
489,59
490,83
491,100
492,103
493,99
494,103
495,113
496,122
497,125
498,128
499,134
500,140
501,140
502,135
503,130
504,128
505,125
506,121
507,119
508,122
509,125
510,122
511,118
512,126
513,151
514,177
515,185
516,173
517,163
518,172
519,198
520,216
521,213
522,194
523,171
524,151
525,129
526,104
527,83
528,70
529,60
530,49
531,36
532,27
533,23
534,18
535,10
536,2
537,-8
538,-24
539,-50
540,-80
541,-101
542,-110
543,-118
544,-132
545,-146
546,-149
547,-143
548,-145
549,-168
550,-201
551,-220
552,-216
553,-206
554,-213
555,-236
556,-255
557,-252
558,-229
559,-209
560,-206
561,-216
562,-222
563,-217
564,-206
565,-197
566,-193
567,-186
568,-174
569,-163
570,-161
571,-166
572,-165
573,-149
574,-130
575,-130
576,-153
577,-179
578,-184
579,-167
580,-149
581,-148
582,-155
583,-150
584,-125
585,-91
586,-66
587,-57
588,-58
589,-60
590,-60
591,-63
592,-72
593,-81
594,-83
595,-77
596,-69
597,-63
598,-58
599,-45
600,-25
601,-7
602,-5
603,-16
604,-25
605,-20
606,-6
607,4
608,7
609,8
610,16
611,28
612,38
613,42
614,42
615,39
616,33
617,27
618,29
619,44
620,69
621,95
622,113
623,122
624,129
625,138
626,146
627,143
628,122
629,87
630,53
631,31
632,17
633,5
634,-11
635,-22
636,-22
637,-16
638,-15
639,-22
640,-34
641,-46
642,-60
643,-81
644,-107
645,-131
646,-149
647,-162
648,-171
649,-169
650,-149
651,-112
652,-71
653,-39
654,-20
655,-5
656,13
657,33
658,48
659,54
660,54
661,50
662,46
663,39
664,32
665,28
666,27
667,24
668,14
669,3
670,2
671,13
672,27
673,38
674,44
675,53
676,69
677,87
678,99
679,101
680,99
681,101
682,108
683,112
684,111
685,107
686,107
687,110
688,112
689,108
690,101
691,96
692,90
693,79
694,56
695,34
696,33
697,61
698,102
699,127
700,126
701,116
702,117
703,130
704,138
705,134
706,128
707,130
708,141
709,155
710,180
711,236
712,330
713,444
714,552
715,653
716,771
717,929
718,1120
719,1310
720,1468
721,1575
722,1629
723,1637
724,1606
725,1526
726,1367
727,1100
728,739
729,354
730,30
731,-204
732,-381
733,-544
734,-677
735,-725
736,-659
737,-521
738,-384
739,-293
740,-242
741,-204
742,-174
743,-170
744,-202
745,-249
746,-280
747,-285
748,-279
749,-281
750,-290
751,-281
752,-242
753,-191
754,-165
755,-184
756,-225
757,-249
758,-237
759,-211
760,-198
761,-199
762,-196
763,-176
764,-151
765,-134
766,-126
767,-116
768,-103
769,-97
770,-99
771,-102
772,-97
773,-87
774,-87
775,-101
776,-115
777,-114
778,-97
779,-80
780,-79
781,-90
782,-97
783,-83
784,-54
785,-33
786,-39
787,-62
788,-73
789,-53
790,-17
791,4
792,-2
793,-16
794,-13
795,9
796,26
797,25
798,20
799,32
800,62
801,85
802,83
803,70
804,70
805,88
806,106
807,102
808,81
809,68
810,75
811,91
812,99
813,98
814,102
815,116
816,126
817,118
818,98
819,89
820,101
821,118
822,116
823,95
824,75
825,73
826,84
827,86
828,70
829,45
830,24
831,12
832,-1
833,-23
834,-51
835,-70
836,-72
837,-63
838,-58
839,-66
840,-85
841,-101
842,-107
843,-110
844,-119
845,-134
846,-148
847,-158
848,-170
849,-186
850,-199
851,-197
852,-184
853,-179
854,-193
855,-219
856,-230
857,-215
858,-190
859,-176
860,-181
861,-194
862,-199
863,-195
864,-189
865,-185
866,-179
867,-169
868,-159
869,-157
870,-157
871,-150
872,-132
873,-115
874,-113
875,-126
876,-139
877,-143
878,-145
879,-158
880,-179
881,-191
882,-177
883,-148
884,-126
885,-126
886,-138
887,-139
888,-123
889,-104
890,-103
891,-118
892,-131
893,-125
894,-105
895,-88
896,-81
897,-74
898,-55
899,-29
900,-12
901,-12
902,-21
903,-29
904,-27
905,-23
906,-25
907,-35
908,-47
909,-53
910,-48
911,-34
912,-14
913,5
914,20
915,28
916,29
917,25
918,27
919,43
920,67
921,82
922,80
923,68
924,65
925,71
926,71
927,54
928,29
929,11
930,3
931,-7
932,-26
933,-42
934,-38
935,-22
936,-15
937,-29
938,-49
939,-58
940,-58
941,-69
942,-99
943,-133
944,-157
945,-170
946,-187
947,-212
948,-229
949,-215
950,-167
951,-102
952,-47
953,-18
954,-9
955,-1
956,20
957,56
958,90
959,102
960,82
961,48
962,25
963,27
964,41
965,46
966,34
967,21
968,22
969,35
970,46
971,46
972,45
973,51
974,63
975,68
976,60
977,50
978,52
979,67
980,85
981,92
982,88
983,80
984,72
985,64
986,58
987,58
988,64
989,67
990,60
991,48
992,43
993,54
994,70
995,79
996,82
997,93
998,117
999,142
1000,147
1001,128
1002,98
1003,76
1004,67
1005,65
1006,61
1007,60
1008,67
1009,88
1010,132
1011,207
1012,311
1013,426
1014,532
1015,627
1016,735
1017,879
1018,1053
1019,1227
1020,1370
1021,1468
1022,1525
1023,1549
1024,1543
1025,1489
1026,1356
1027,1124
1028,806
1029,462
1030,154
1031,-100
1032,-324
1033,-533
1034,-690
1035,-743
1036,-682
1037,-567
1038,-462
1039,-386
1040,-310
1041,-221
1042,-150
1043,-133
1044,-170
1045,-221
1046,-251
1047,-259
1048,-266
1049,-277
1050,-281
1051,-271
1052,-253
1053,-237
1054,-222
1055,-197
1056,-170
1057,-159
1058,-176
1059,-200
1060,-201
1061,-176
1062,-154
1063,-159
1064,-182
1065,-188
1066,-168
1067,-141
1068,-133
1069,-137
1070,-133
1071,-116
1072,-101
1073,-97
1074,-94
1075,-83
1076,-70
1077,-70
1078,-80
1079,-84
1080,-77
1081,-70
1082,-72
1083,-74
1084,-64
1085,-47
1086,-36
1087,-38
1088,-37
1089,-22
1090,-1
1091,9
1092,7
1093,8
1094,22
1095,39
1096,44
1097,39
1098,31
1099,29
1100,32
1101,37
1102,48
1103,62
1104,76
1105,84
1106,92
1107,106
1108,123
1109,128
1110,111
1111,86
1112,74
1113,82
1114,95
1115,99
1116,93
1117,91
1118,100
1119,115
1120,126
1121,130
1122,127
1123,115
1124,89
1125,56
1126,33
1127,28
1128,30
1129,19
1130,-7
1131,-32
1132,-38
1133,-27
1134,-21
1135,-32
1136,-55
1137,-75
1138,-84
1139,-88
1140,-100
1141,-125
1142,-148
1143,-161
1144,-163
1145,-164
1146,-173
1147,-185
1148,-194
1149,-201
1150,-207
1151,-209
1152,-198
1153,-176
1154,-159
1155,-165
1156,-192
1157,-215
1158,-212
1159,-191
1160,-178
1161,-189
1162,-214
1163,-228
1164,-216
1165,-183
1166,-149
1167,-130
1168,-128
1169,-137
1170,-144
1171,-142
1172,-134
1173,-129
1174,-135
1175,-147
1176,-154
1177,-149
1178,-136
1179,-127
1180,-125
1181,-126
1182,-124
1183,-121
1184,-121
1185,-127
1186,-138
1187,-152
1188,-166
1189,-174
1190,-167
1191,-146
1192,-122
1193,-113
1194,-120
1195,-126
1196,-113
1197,-82
1198,-58
1199,-56
1200,-70
1201,-75
1202,-57
1203,-28
1204,-10
1205,-11
1206,-18
1207,-14
1208,6
1209,25
1210,28
1211,18
1212,12
1213,22
1214,42
1215,52
1216,45
1217,34
1218,36
1219,49
1220,58
1221,55
1222,51
1223,58
1224,71
1225,72
1226,62
1227,54
1228,57
1229,56
1230,32
1231,-8
1232,-34
1233,-28
1234,-6
1235,-1
1236,-26
1237,-57
1238,-64
1239,-48
1240,-36
1241,-49
1242,-84
1243,-114
1244,-123
1245,-119
1246,-123
1247,-142
1248,-163
1249,-163
1250,-138
1251,-102
1252,-75
1253,-59
1254,-40
1255,-6
1256,40
1257,81
1258,103
1259,108
1260,105
1261,100
1262,93
1263,77
1264,57
1265,44
1266,40
1267,38
1268,29
1269,19
1270,28
1271,59
1272,95
1273,111
1274,107
1275,103
1276,111
1277,117
1278,98
1279,62
1280,44
1281,63
1282,96
1283,105
1284,87
1285,75
1286,97
1287,143
1288,177
1289,179
1290,163
1291,148
1292,141
1293,133
1294,121
1295,112
1296,111
1297,115
1298,114
1299,108
1300,107
1301,124
1302,154
1303,179
1304,183
1305,170
1306,161
1307,167
1308,182
1309,191
1310,202
1311,243
1312,323
1313,424
1314,521
1315,617
1316,739
1317,905
1318,1096
1319,1274
1320,1411
1321,1500
1322,1547
1323,1555
1324,1527
1325,1456
1326,1314
1327,1078
1328,760
1329,422
1330,135
1331,-76
1332,-248
1333,-420
1334,-578
1335,-665
1336,-641
1337,-530
1338,-398
1339,-300
1340,-241
1341,-200
1342,-159
1343,-124
1344,-115
1345,-141
1346,-186
1347,-222
1348,-233
1349,-222
1350,-207
1351,-199
1352,-190
1353,-170
1354,-142
1355,-123
1356,-125
1357,-142
1358,-156
1359,-157
1360,-150
1361,-144
1362,-140
1363,-131
1364,-115
1365,-98
1366,-83
1367,-72
1368,-63
1369,-60
1370,-68
1371,-82
1372,-90
1373,-86
1374,-72
1375,-58
1376,-50
1377,-45
1378,-38
1379,-27
1380,-11
1381,6
1382,18
1383,18
1384,8
1385,-4
1386,-6
1387,1
1388,12
1389,21
1390,27
1391,35
1392,47
1393,63
1394,79
1395,85
1396,81
1397,73
1398,71
1399,77
1400,80
1401,70
1402,54
1403,51
1404,70
1405,97
1406,111
1407,105
1408,88
1409,77
1410,78
1411,87
1412,104
1413,121
1414,131
1415,132
1416,131
1417,138
1418,156
1419,177
1420,185
1421,171
1422,143
1423,119
1424,111
1425,117
1426,121
1427,110
1428,89
1429,73
1430,68
1431,62
1432,37
1433,-2
1434,-35
1435,-46
1436,-45
1437,-54
1438,-78
1439,-99
1440,-97
1441,-75
1442,-52
1443,-46
1444,-56
1445,-72
1446,-89
1447,-108
1448,-127
1449,-138
1450,-139
1451,-142
1452,-158
1453,-183
1454,-195
1455,-182
1456,-160
1457,-151
1458,-165
1459,-180
1460,-179
1461,-164
1462,-157
1463,-167
1464,-177
1465,-173
1466,-160
1467,-161
1468,-183
1469,-208
1470,-212
1471,-193
1472,-173
1473,-169
1474,-175
1475,-174
1476,-159
1477,-140
1478,-129
1479,-127
1480,-129
1481,-131
1482,-134
1483,-137
1484,-139
1485,-138
1486,-132
1487,-125
1488,-116
1489,-109
1490,-107
1491,-109
1492,-108
1493,-105
1494,-102
1495,-107
1496,-118
1497,-127
1498,-131
1499,-131
1500,-131
1501,-127
1502,-109
1503,-79
1504,-51
1505,-38
1506,-39
1507,-37
1508,-23
1509,-7
1510,-6
1511,-23
1512,-40
1513,-40
1514,-20
1515,6
1516,27
1517,40
1518,51
1519,65
1520,81
1521,93
1522,95
1523,80
1524,51
1525,22
1526,10
1527,13
1528,14
1529,-3
1530,-31
1531,-46
1532,-33
1533,-6
1534,5
1535,-13
1536,-42
1537,-55
1538,-50
1539,-42
1540,-49
1541,-69
1542,-86
1543,-99
1544,-115
1545,-134
1546,-144
1547,-135
1548,-121
1549,-122
1550,-133
1551,-124
1552,-79
1553,-23
1554,2
1555,-13
1556,-32
1557,-18
1558,21
1559,48
1560,43
1561,28
1562,32
1563,60
1564,88
1565,104
1566,112
1567,125
1568,139
1569,145
1570,136
1571,120
1572,109
1573,104
1574,96
1575,79
1576,59
1577,50
1578,60
1579,80
1580,92
1581,93
1582,94
1583,107
1584,123
1585,122
1586,98
1587,74
1588,77
1589,102
1590,119
1591,106
1592,75
1593,55
1594,67
1595,101
1596,134
1597,150
1598,149
1599,140
1600,137
1601,148
1602,172
1603,194
1604,197
1605,175
1606,140
1607,113
1608,113
1609,138
1610,175
1611,212
1612,251
1613,307
1614,396
1615,522
1616,671
1617,833
1618,1003
1619,1184
1620,1362
1621,1502
1622,1572
1623,1568
1624,1513
1625,1430
1626,1301
1627,1075
1628,725
1629,307
1630,-68
1631,-317
1632,-454
1633,-551
1634,-655
1635,-732
1636,-716
1637,-588
1638,-404
1639,-247
1640,-162
1641,-139
1642,-146
1643,-154
1644,-157
1645,-165
1646,-191
1647,-229
1648,-257
1649,-254
1650,-224
1651,-193
1652,-182
1653,-182
1654,-169
1655,-139
1656,-112
1657,-108
1658,-121
1659,-125
1660,-108
1661,-80
1662,-62
1663,-65
1664,-77
1665,-86
1666,-86
1667,-84
1668,-85
1669,-85
1670,-79
1671,-68
1672,-57
1673,-48
1674,-35
1675,-16
1676,-4
1677,-14
1678,-40
1679,-54
1680,-34
1681,5
1682,29
1683,21
1684,5
1685,17
1686,62
1687,108
1688,126
1689,121
1690,116
1691,126
1692,138
1693,141
1694,137
1695,140
1696,154
1697,167
1698,171
1699,174
1700,188
1701,212
1702,228
1703,228
1704,223
1705,229
1706,243
1707,243
1708,221
1709,198
1710,199
1711,221
1712,240
1713,239
1714,228
1715,227
1716,235
1717,238
1718,233
1719,231
1720,240
1721,246
1722,237
1723,219
1724,215
1725,232
1726,248
1727,245
1728,226
1729,210
1730,202
1731,188
1732,149
1733,92
1734,43
1735,17
1736,8
1737,-1
1738,-20
1739,-40
1740,-50
1741,-46
1742,-36
1743,-31
1744,-40
1745,-63
1746,-89
1747,-111
1748,-127
1749,-140
1750,-152
1751,-165
1752,-181
1753,-201
1754,-218
1755,-227
1756,-227
1757,-222
1758,-219
1759,-217
1760,-213
1761,-208
1762,-205
1763,-204
1764,-201
1765,-191
1766,-177
1767,-167
1768,-169
1769,-182
1770,-199
1771,-207
1772,-203
1773,-195
1774,-198
1775,-217
1776,-242
1777,-247
1778,-225
1779,-192
1780,-175
1781,-183
1782,-195
1783,-189
1784,-163
1785,-139
1786,-135
1787,-147
1788,-159
1789,-163
1790,-162
1791,-165
1792,-174
1793,-184
1794,-188
1795,-177
1796,-147
1797,-109
1798,-82
1799,-81
1800,-91
1801,-84
1802,-48
1803,-5
1804,12
1805,-3
1806,-26
1807,-27
1808,-6
1809,14
1810,13
1811,-1
1812,-11
1813,-10
1814,-5
1815,-4
1816,-1
1817,12
1818,31
1819,45
1820,46
1821,41
1822,44
1823,58
1824,72
1825,68
1826,48
1827,24
1828,11
1829,9
1830,1
1831,-25
1832,-63
1833,-92
1834,-101
1835,-97
1836,-98
1837,-113
1838,-134
1839,-151
1840,-157
1841,-156
1842,-152
1843,-147
1844,-138
1845,-125
1846,-108
1847,-92
1848,-75
1849,-50
1850,-16
1851,24
1852,57
1853,81
1854,95
1855,103
1856,100
1857,86
1858,69
1859,64
1860,69
1861,61
1862,30
1863,-1
1864,3
1865,44
1866,82
1867,80
1868,49
1869,35
1870,57
1871,83
1872,75
1873,41
1874,24
1875,46
1876,77
1877,80
1878,55
1879,38
1880,53
1881,85
1882,105
1883,108
1884,108
1885,113
1886,118
1887,118
1888,118
1889,127
1890,142
1891,147
1892,136
1893,117
1894,107
1895,110
1896,120
1897,123
1898,113
1899,98
1900,93
1901,109
1902,139
1903,168
1904,193
1905,229
1906,292
1907,381
1908,480
1909,582
1910,701
1911,852
1912,1030
1913,1213
1914,1386
1915,1529
1916,1609
1917,1599
1918,1512
1919,1395
1920,1259
1921,1048
1922,699
1923,247
1924,-162
1925,-401
1926,-488
1927,-556
1928,-683
1929,-800
1930,-778
1931,-588
1932,-346
1933,-191
1934,-154
1935,-161
1936,-141
1937,-97
1938,-85
1939,-127
1940,-193
1941,-231
1942,-229
1943,-209
1944,-197
1945,-194
1946,-179
1947,-149
1948,-121
1949,-113
1950,-117
1951,-114
1952,-96
1953,-81
1954,-87
1955,-98
1956,-86
1957,-51
1958,-27
1959,-41
1960,-72
1961,-80
1962,-51
1963,-16
1964,-9
1965,-25
1966,-33
1967,-14
1968,20
1969,41
1970,41
1971,34
1972,36
1973,48
1974,58
1975,59
1976,54
1977,52
1978,58
1979,68
1980,74
1981,75
1982,78
1983,85
1984,90
1985,89
1986,83
1987,84
1988,95
1989,108
1990,114
1991,114
1992,118
1993,129
1994,143
1995,154
1996,161
1997,170
1998,182
1999,195
2000,209
2001,223
2002,236
2003,248
2004,257
2005,263
2006,263
2007,257
2008,249
2009,242
2010,234
2011,217
2012,190
2013,171
2014,175
2015,199
2016,219
2017,221
2018,215
2019,217
2020,230
2021,237
2022,223
2023,196
2024,169
2025,145
2026,119
2027,94
2028,79
2029,73
2030,67
2031,48
2032,23
2033,6
2034,3
2035,-2
2036,-21
2037,-48
2038,-68
2039,-76
2040,-86
2041,-107
2042,-133
2043,-145
2044,-139
2045,-138
2046,-159
2047,-200
2048,-234
2049,-243
2050,-233
2051,-226
2052,-233
2053,-243
2054,-238
2055,-219
2056,-201
2057,-196
2058,-197
2059,-193
2060,-181
2061,-174
2062,-180
2063,-191
2064,-193
2065,-184
2066,-172
2067,-166
2068,-163
2069,-158
2070,-153
2071,-155
2072,-163
2073,-168
2074,-163
2075,-155
2076,-155
2077,-168
2078,-182
2079,-183
2080,-170
2081,-155
2082,-152
2083,-163
2084,-175
2085,-179
2086,-174
2087,-169
2088,-166
2089,-161
2090,-148
2091,-128
2092,-110
2093,-105
2094,-102
2095,-91
2096,-67
2097,-42
2098,-27
2099,-19
2100,-6
2101,10
2102,19
2103,19
2104,23
2105,41
2106,59
2107,54
2108,25
2109,3
2110,16
2111,54
2112,79
2113,71
2114,49
2115,45
2116,64
2117,78
2118,70
2119,51
2120,38
2121,27
2122,3
2123,-32
2124,-52
2125,-41
2126,-13
2127,-1
2128,-16
2129,-39
2130,-41
2131,-24
2132,-15
2133,-33
2134,-68
2135,-95
2136,-102
2137,-95
2138,-88
2139,-84
2140,-70
2141,-38
2142,4
2143,41
2144,65
2145,81
2146,98
2147,116
2148,128
2149,127
2150,116
2151,103
2152,96
2153,93
2154,90
2155,82
2156,75
2157,73
2158,77
2159,81
2160,84
2161,82
2162,76
2163,69
2164,65
2165,66
2166,68
2167,64
2168,51
2169,31
2170,16
2171,12
2172,17
2173,31
2174,55
2175,87
2176,115
2177,127
2178,121
2179,113
2180,119
2181,133
2182,136
2183,115
2184,83
2185,63
2186,71
2187,100
2188,129
2189,146
2190,145
2191,136
2192,131
2193,132
2194,139
2195,144
2196,148
2197,165
2198,211
2199,285
2200,370
2201,458
2202,562
2203,706
2204,890
2205,1087
2206,1268
2207,1420
2208,1545
2209,1632
2210,1664
2211,1638
2212,1561
2213,1422
2214,1188
2215,839
2216,430
2217,64
2218,-186
2219,-344
2220,-487
2221,-644
2222,-755
2223,-746
2224,-616
2225,-441
2226,-307
2227,-239
2228,-213
2229,-204
2230,-206
2231,-224
2232,-249
2233,-268
2234,-281
2235,-294
2236,-304
2237,-301
2238,-272
2239,-224
2240,-173
2241,-136
2242,-120
2243,-122
2244,-132
2245,-137
2246,-132
2247,-120
2248,-107
2249,-100
2250,-104
2251,-113
2252,-117
2253,-106
2254,-85
2255,-68
2256,-67
2257,-73
2258,-70
2259,-51
2260,-31
2261,-31
2262,-52
2263,-70
2264,-65
2265,-46
2266,-40
2267,-60
2268,-83
2269,-80
2270,-46
2271,-9
2272,5
2273,-6
2274,-15
2275,-4
2276,18
2277,29
2278,21
2279,7
2280,8
2281,28
2282,50
2283,60
2284,63
2285,76
2286,106
2287,139
2288,155
2289,148
2290,135
2291,137
2292,157
2293,181
2294,193
2295,188
2296,175
2297,169
2298,176
2299,194
2300,208
2301,207
2302,192
2303,179
2304,181
2305,192
2306,199
2307,196
2308,189
2309,190
2310,197
2311,201
2312,194
2313,181
2314,171
2315,164
2316,148
2317,120
2318,88
2319,65
2320,55
2321,46
2322,28
2323,5
2324,-7
2325,-6
2326,-7
2327,-30
2328,-74
2329,-113
2330,-121
2331,-105
2332,-96
2333,-115
2334,-152
2335,-174
2336,-168
2337,-146
2338,-136
2339,-152
2340,-183
2341,-210
2342,-227
2343,-236
2344,-240
2345,-237
2346,-229
2347,-220
2348,-220
2349,-223
2350,-215
2351,-193
2352,-171
2353,-172
2354,-200
2355,-232
2356,-245
2357,-235
2358,-224
2359,-225
2360,-233
2361,-227
2362,-208
2363,-194
2364,-199
2365,-214
2366,-219
2367,-214
2368,-219
2369,-245
2370,-273
2371,-273
2372,-243
2373,-213
2374,-212
2375,-231
2376,-231
2377,-194
2378,-147
2379,-131
2380,-155
2381,-189
2382,-204
2383,-200
2384,-201
2385,-213
2386,-217
2387,-197
2388,-163
2389,-139
2390,-131
2391,-123
2392,-101
2393,-69
2394,-50
2395,-52
2396,-67
2397,-79
2398,-79
2399,-70
2400,-57
2401,-44
2402,-37
2403,-33
2404,-24
2405,-3
2406,30
2407,62
2408,79
2409,78
2410,72
2411,72
2412,77
2413,75
2414,53
2415,20
2416,-13
2417,-39
2418,-63
2419,-88
2420,-103
2421,-91
2422,-57
2423,-25
2424,-13
2425,-16
2426,-12
2427,3
2428,9
2429,-12
2430,-54
2431,-100
2432,-134
2433,-156
2434,-167
2435,-164
2436,-146
2437,-120
2438,-99
2439,-84
2440,-65
2441,-35
2442,0
2443,26
2444,37
2445,34
2446,22
2447,11
2448,9
2449,22
2450,44
2451,59
2452,58
2453,49
2454,48
2455,58
2456,69
2457,69
2458,58
2459,48
2460,49
2461,57
2462,63
2463,63
2464,58
2465,53
2466,51
2467,55
2468,68
2469,84
2470,89
2471,81
2472,66
2473,60
2474,70
2475,83
2476,86
2477,80
2478,77
2479,82
2480,87
2481,87
2482,85
2483,90
2484,101
2485,110
2486,108
2487,102
2488,105
2489,119
2490,134
2491,136
2492,128
2493,119
2494,116
2495,116
2496,117
2497,123
2498,146
2499,197
2500,268
2501,352
2502,446
2503,564
2504,712
2505,883
2506,1061
2507,1236
2508,1406
2509,1552
2510,1638
2511,1642
2512,1586
2513,1505
2514,1394
2515,1194
2516,868
2517,466
2518,100
2519,-156
2520,-330
2521,-495
2522,-668
2523,-781
2524,-766
2525,-637
2526,-477
2527,-357
2528,-282
2529,-220
2530,-163
2531,-135
2532,-152
2533,-201
2534,-251
2535,-286
2536,-310
2537,-323
2538,-317
2539,-287
2540,-242
2541,-198
2542,-167
2543,-148
2544,-137
2545,-131
2546,-133
2547,-138
2548,-145
2549,-153
2550,-163
2551,-171
2552,-179
2553,-188
2554,-196
2555,-198
2556,-183
2557,-151
2558,-122
2559,-114
2560,-121
2561,-116
2562,-80
2563,-30
2564,-2
2565,-17
2566,-55
2567,-77
2568,-65
2569,-36
2570,-22
2571,-34
2572,-57
2573,-67
2574,-52
2575,-20
2576,13
2577,35
2578,48
2579,57
2580,64
2581,69
2582,72
2583,76
2584,83
2585,89
2586,89
2587,86
2588,87
2589,94
2590,102
2591,104
2592,99
2593,97
2594,103
2595,117
2596,129
2597,132
2598,123
2599,113
2600,112
2601,126
2602,149
2603,163
2604,159
2605,145
2606,137
2607,140
2608,144
2609,139
2610,130
2611,130
2612,135
2613,134
2614,121
2615,105
2616,102
2617,111
2618,110
2619,84
2620,45
2621,20
2622,26
2623,49
2624,55
2625,31
2626,-9
2627,-38
2628,-43
2629,-41
2630,-54
2631,-86
2632,-121
2633,-139
2634,-140
2635,-140
2636,-148
2637,-159
2638,-163
2639,-162
2640,-165
2641,-174
2642,-181
2643,-180
2644,-178
2645,-191
2646,-221
2647,-250
2648,-261
2649,-254
2650,-248
2651,-259
2652,-273
2653,-272
2654,-252
2655,-227
2656,-215
2657,-215
2658,-213
2659,-202
2660,-187
2661,-179
2662,-181
2663,-191
2664,-200
2665,-203
2666,-203
2667,-203
2668,-213
2669,-231
2670,-247
2671,-247
2672,-231
2673,-211
2674,-204
2675,-210
2676,-218
2677,-214
2678,-197
2679,-178
2680,-166
2681,-164
2682,-169
2683,-173
2684,-172
2685,-165
2686,-152
2687,-139
2688,-130
2689,-126
2690,-124
2691,-114
2692,-92
2693,-63
2694,-45
2695,-54
2696,-83
2697,-103
2698,-90
2699,-45
2700,-3
2701,11
2702,3
2703,2
2704,29
2705,69
2706,91
2707,82
2708,55
2709,36
2710,32
2711,37
2712,40
2713,41
2714,39
2715,33
2716,23
2717,17
2718,22
2719,38
2720,50
2721,49
2722,40
2723,36
2724,45
2725,60
2726,66
2727,54
2728,33
2729,19
2730,15
2731,8
2732,-17
2733,-54
2734,-84
2735,-93
2736,-87
2737,-80
2738,-79
2739,-81
2740,-85
2741,-92
2742,-105
2743,-119
2744,-132
2745,-148
2746,-167
2747,-176
2748,-159
2749,-116
2750,-66
2751,-30
2752,-5
2753,20
2754,51
2755,78
2756,90
2757,88
2758,78
2759,63
2760,45
2761,32
2762,29
2763,35
2764,40
2765,40
2766,40
2767,48
2768,62
2769,67
2770,63
2771,58
2772,59
2773,60
2774,52
2775,37
2776,27
2777,33
2778,50
2779,65
2780,72
2781,78
2782,84
2783,85
2784,74
2785,58
2786,56
2787,76
2788,100
2789,104
2790,87
2791,73
2792,83
2793,112
2794,136
2795,141
2796,131
2797,119
2798,111
2799,102
2800,97
2801,102
2802,120
2803,141
2804,153
2805,159
2806,171
2807,193
2808,224
2809,266
2810,323
2811,392
2812,466
2813,550
2814,661
2815,815
2816,1001
2817,1189
2818,1360
2819,1507
2820,1612
2821,1645
2822,1596
2823,1498
2824,1383
2825,1226
2826,960
2827,577
2828,172
2829,-128
2830,-297
2831,-421
2832,-580
2833,-738
2834,-791
2835,-696
2836,-530
2837,-402
2838,-340
2839,-300
2840,-250
2841,-209
2842,-214
2843,-254
2844,-286
2845,-289
2846,-282
2847,-279
2848,-275
2849,-251
2850,-208
2851,-164
2852,-135
2853,-123
2854,-125
2855,-138
2856,-160
2857,-177
2858,-181
2859,-176
2860,-178
2861,-191
2862,-200
2863,-189
2864,-159
2865,-131
2866,-122
2867,-127
2868,-131
2869,-120
2870,-99
2871,-82
2872,-79
2873,-87
2874,-94
2875,-91
2876,-78
2877,-63
2878,-58
2879,-60
2880,-60
2881,-47
2882,-24
2883,-3
2884,2
2885,-4
2886,-11
2887,-8
2888,1
2889,10
2890,19
2891,31
2892,47
2893,59
2894,64
2895,67
2896,78
2897,94
2898,98
2899,83
2900,55
2901,38
2902,43
2903,63
2904,81
2905,88
2906,92
2907,103
2908,124
2909,147
2910,166
2911,176
2912,179
2913,180
2914,179
2915,176
2916,169
2917,162
2918,156
2919,154
2920,154
2921,154
2922,150
2923,142
2924,137
2925,135
2926,130
2927,115
2928,89
2929,65
2930,54
2931,56
2932,60
2933,55
2934,45
2935,39
2936,39
2937,37
2938,22
2939,-1
2940,-22
2941,-33
2942,-38
2943,-47
2944,-60
2945,-72
2946,-79
2947,-83
2948,-92
2949,-106
2950,-114
2951,-112
2952,-110
2953,-122
2954,-152
2955,-179
2956,-181
2957,-162
2958,-145
2959,-148
2960,-166
2961,-176
2962,-166
2963,-146
2964,-138
2965,-151
2966,-176
2967,-193
2968,-193
2969,-185
2970,-179
2971,-180
2972,-183
2973,-178
2974,-167
2975,-162
2976,-171
2977,-186
2978,-190
2979,-177
2980,-164
2981,-169
2982,-192
2983,-212
2984,-212
2985,-198
2986,-187
2987,-183
2988,-177
2989,-163
2990,-146
2991,-135
2992,-132
2993,-127
2994,-118
2995,-112
2996,-114
2997,-123
2998,-126
2999,-119
3000,-104
3001,-87
3002,-76
3003,-72
3004,-68
3005,-59
3006,-43
3007,-30
3008,-29
3009,-38
3010,-37
3011,-19
3012,2
3013,-4
3014,-36
3015,-61
3016,-46
3017,1
3018,38
3019,33
3020,6
3021,-1
3022,30
3023,71
3024,85
3025,68
3026,45
3027,35
3028,36
3029,35
3030,29
3031,23
3032,24
3033,30
3034,39
3035,53
3036,73
3037,91
3038,99
3039,96
3040,90
3041,85
3042,75
3043,54
3044,26
3045,2
3046,-12
3047,-22
3048,-30
3049,-32
3050,-24
3051,-17
3052,-28
3053,-63
3054,-96
3055,-97
3056,-68
3057,-47
3058,-65
3059,-115
3060,-157
3061,-164
3062,-143
3063,-121
3064,-111
3065,-107
3066,-98
3067,-81
3068,-59
3069,-30
3070,7
3071,41
3072,60
3073,61
3074,55
3075,57
3076,66
3077,76
3078,81
3079,78
3080,67
3081,54
3082,47
3083,53
3084,70
3085,83
3086,87
3087,90
3088,104
3089,127
3090,144
3091,139
3092,117
3093,100
3094,103
3095,119
3096,130
3097,125
3098,112
3099,108
3100,124
3101,156
3102,185
3103,198
3104,190
3105,176
3106,165
3107,159
3108,149
3109,130
3110,106
3111,87
3112,80
3113,87
3114,102
3115,123
3116,148
3117,174
3118,192
3119,193
3120,182
3121,171
3122,174
3123,184
3124,190
3125,197
3126,231
3127,310
3128,416
3129,515
3130,603
3131,720
3132,898
3133,1113
3134,1303
3135,1437
3136,1531
3137,1601
3138,1623
3139,1560
3140,1418
3141,1237
3142,1031
3143,760
3144,408
3145,41
3146,-233
3147,-379
3148,-466
3149,-577
3150,-696
3151,-735
3152,-646
3153,-489
3154,-359
3155,-294
3156,-260
3157,-219
3158,-176
3159,-156
3160,-166
3161,-184
3162,-196
3163,-206
3164,-215
3165,-215
3166,-199
3167,-182
3168,-177
3169,-179
3170,-166
3171,-129
3172,-89
3173,-73
3174,-92
3175,-125
3176,-144
3177,-139
3178,-124
3179,-118
3180,-124
3181,-127
3182,-116
3183,-95
3184,-77
3185,-70
3186,-60
3187,-34
3188,-2
3189,12
3190,-3
3191,-29
3192,-32
3193,-7
3194,18
3195,14
3196,-17
3197,-38
3198,-22
3199,19
3200,50
3201,53
3202,44
3203,46
3204,60
3205,65
3206,53
3207,37
3208,33
3209,41
3210,47
3211,46
3212,52
3213,76
3214,107
3215,127
3216,130
3217,133
3218,149
3219,172
3220,184
3221,179
3222,171
3223,171
3224,180
3225,191
3226,201
3227,212
3228,225
3229,233
3230,233
3231,229
3232,229
3233,235
3234,241
3235,243
3236,241
3237,240
3238,239
3239,233
3240,222
3241,214
3242,210
3243,204
3244,185
3245,152
3246,119
3247,105
3248,107
3249,108
3250,93
3251,64
3252,39
3253,31
3254,35
3255,34
3256,17
3257,-13
3258,-47
3259,-73
3260,-89
3261,-103
3262,-121
3263,-141
3264,-157
3265,-161
3266,-159
3267,-161
3268,-172
3269,-183
3270,-182
3271,-174
3272,-175
3273,-195
3274,-223
3275,-240
3276,-243
3277,-246
3278,-260
3279,-283
3280,-299
3281,-301
3282,-297
3283,-299
3284,-303
3285,-296
3286,-272
3287,-243
3288,-230
3289,-239
3290,-254
3291,-255
3292,-235
3293,-209
3294,-200
3295,-212
3296,-231
3297,-235
3298,-218
3299,-193
3300,-181
3301,-186
3302,-199
3303,-202
3304,-192
3305,-178
3306,-171
3307,-178
3308,-188
3309,-191
3310,-182
3311,-167
3312,-149
3313,-132
3314,-119
3315,-116
3316,-119
3317,-118
3318,-103
3319,-86
3320,-88
3321,-120
3322,-160
3323,-175
3324,-153
3325,-122
3326,-112
3327,-122
3328,-118
3329,-80
3330,-25
3331,13
3332,20
3333,14
3334,13
3335,14
3336,-1
3337,-32
3338,-58
3339,-59
3340,-35
3341,-9
3342,6
3343,16
3344,35
3345,58
3346,70
3347,58
3348,34
3349,21
3350,32
3351,56
3352,70
3353,62
3354,46
3355,45
3356,71
3357,109
3358,127
3359,106
3360,58
3361,16
3362,4
3363,15
3364,21
3365,6
3366,-18
3367,-25
3368,-10
3369,5
3370,-2
3371,-29
3372,-53
3373,-60
3374,-61
3375,-72
3376,-94
3377,-113
3378,-119
3379,-114
3380,-112
3381,-118
3382,-129
3383,-140
3384,-147
3385,-148
3386,-135
3387,-107
3388,-72
3389,-42
3390,-24
3391,-13
3392,1
3393,22
3394,44
3395,59
3396,60
3397,46
3398,19
3399,-10
3400,-28
3401,-24
3402,-8
3403,5
3404,5
3405,-2
3406,3
3407,30
3408,71
3409,107
3410,124
3411,122
3412,114
3413,109
3414,108
3415,105
3416,95
3417,82
3418,70
3419,63
3420,63
3421,70
3422,86
3423,107
3424,120
3425,117
3426,100
3427,85
3428,85
3429,96
3430,99
3431,87
3432,75
3433,83
3434,105
3435,118
3436,107
3437,88
3438,92
3439,124
3440,158
3441,168
3442,159
3443,157
3444,175
3445,206
3446,244
3447,299
3448,384
3449,490
3450,595
3451,701
3452,832
3453,1006
3454,1210
3455,1409
3456,1569
3457,1667
3458,1687
3459,1634
3460,1535
3461,1412
3462,1244
3463,969
3464,573
3465,142
3466,-190
3467,-366
3468,-455
3469,-562
3470,-699
3471,-771
3472,-706
3473,-540
3474,-385
3475,-308
3476,-285
3477,-262
3478,-229
3479,-216
3480,-245
3481,-294
3482,-328
3483,-335
3484,-324
3485,-305
3486,-275
3487,-238
3488,-202
3489,-174
3490,-149
3491,-122
3492,-98
3493,-91
3494,-108
3495,-135
3496,-149
3497,-143
3498,-130
3499,-129
3500,-136
3501,-135
3502,-115
3503,-84
3504,-58
3505,-44
3506,-34
3507,-21
3508,-14
3509,-18
3510,-29
3511,-34
3512,-35
3513,-46
3514,-69
3515,-86
3516,-78
3517,-51
3518,-36
3519,-51
3520,-78
3521,-85
3522,-62
3523,-33
3524,-23
3525,-33
3526,-45
3527,-41
3528,-22
3529,1
3530,21
3531,37
3532,52
3533,67
3534,81
3535,95
3536,105
3537,111
3538,114
3539,117
3540,120
3541,115
3542,102
3543,92
3544,97
3545,120
3546,145
3547,152
3548,142
3549,136
3550,145
3551,160
3552,162
3553,147
3554,132
3555,135
3556,150
3557,159
3558,153
3559,149
3560,158
3561,175
3562,180
3563,163
3564,135
3565,112
3566,96
3567,76
3568,50
3569,30
3570,25
3571,30
3572,34
3573,30
3574,28
3575,32
3576,35
3577,24
3578,-7
3579,-46
3580,-80
3581,-103
3582,-118
3583,-131
3584,-143
3585,-151
3586,-154
3587,-150
3588,-142
3589,-136
3590,-146
3591,-168
3592,-189
3593,-193
3594,-186
3595,-194
3596,-226
3597,-260
3598,-261
3599,-222
3600,-178
3601,-169
3602,-195
3603,-222
3604,-216
3605,-188
3606,-168
3607,-177
3608,-200
3609,-214
3610,-207
3611,-191
3612,-180
3613,-176
3614,-179
3615,-181
3616,-181
3617,-180
3618,-182
3619,-185
3620,-186
3621,-183
3622,-177
3623,-174
3624,-176
3625,-171
3626,-152
3627,-129
3628,-120
3629,-131
3630,-141
3631,-133
3632,-112
3633,-109
3634,-133
3635,-159
3636,-155
3637,-126
3638,-104
3639,-114
3640,-136
3641,-133
3642,-99
3643,-59
3644,-45
3645,-51
3646,-52
3647,-34
3648,-11
3649,-2
3650,-12
3651,-29
3652,-42
3653,-46
3654,-42
3655,-31
3656,-18
3657,-8
3658,1
3659,9
3660,20
3661,31
3662,39
3663,45
3664,50
3665,49
3666,33
3667,9
3668,1
3669,23
3670,60
3671,80
3672,67
3673,47
3674,51
3675,81
3676,101
3677,84
3678,43
3679,10
3680,2
3681,-1
3682,-16
3683,-32
3684,-24
3685,9
3686,39
3687,44
3688,34
3689,36
3690,56
3691,67
3692,47
3693,5
3694,-33
3695,-56
3696,-73
3697,-92
3698,-107
3699,-110
3700,-104
3701,-103
3702,-110
3703,-117
3704,-116
3705,-118
3706,-134
3707,-156
3708,-167
3709,-162
3710,-153
3711,-154
3712,-160
3713,-148
3714,-113
3715,-69
3716,-40
3717,-31
3718,-25
3719,-6
3720,28
3721,56
3722,61
3723,48
3724,40
3725,51
3726,67
3727,64
3728,38
3729,14
3730,20
3731,51
3732,72
3733,63
3734,45
3735,55
3736,95
3737,126
3738,117
3739,84
3740,73
3741,98
3742,123
3743,107
3744,60
3745,31
3746,49
3747,89
3748,111
3749,104
3750,96
3751,110
3752,134
3753,145
3754,139
3755,133
3756,138
3757,145
3758,141
3759,124
3760,109
3761,108
3762,120
3763,133
3764,137
3765,127
3766,111
3767,98
3768,96
3769,109
3770,134
3771,164
3772,198
3773,243
3774,306
3775,392
3776,499
3777,628
3778,777
3779,939
3780,1099
3781,1246
3782,1382
3783,1507
3784,1605
3785,1647
3786,1613
3787,1516
3788,1382
3789,1206
3790,960
3791,637
3792,291
3793,-2
3794,-210
3795,-369
3796,-521
3797,-647
3798,-693
3799,-634
3800,-516
3801,-406
3802,-333
3803,-278
3804,-222
3805,-180
3806,-172
3807,-195
3808,-222
3809,-236
3810,-245
3811,-264
3812,-289
3813,-301
3814,-289
3815,-263
3816,-238
3817,-225
3818,-217
3819,-202
3820,-177
3821,-150
3822,-130
3823,-118
3824,-106
3825,-91
3826,-75
3827,-68
3828,-75
3829,-90
3830,-101
3831,-105
3832,-106
3833,-110
3834,-115
3835,-108
3836,-86
3837,-62
3838,-53
3839,-60
3840,-67
3841,-59
3842,-39
3843,-26
3844,-29
3845,-34
3846,-21
3847,8
3848,29
3849,26
3850,9
3851,3
3852,16
3853,31
3854,26
3855,1
3856,-25
3857,-34
3858,-27
3859,-14
3860,-3
3861,7
3862,24
3863,45
3864,66
3865,82
3866,95
3867,107
3868,117
3869,121
3870,115
3871,104
3872,98
3873,105
3874,121
3875,133
3876,136
3877,132
3878,134
3879,146
3880,163
3881,178
3882,186
3883,186
3884,181
3885,173
3886,162
3887,146
3888,129
3889,117
3890,113
3891,115
3892,113
3893,102
3894,92
3895,95
3896,108
3897,113
3898,99
3899,73
3900,56
3901,51
3902,41
3903,16
3904,-15
3905,-36
3906,-45
3907,-55
3908,-72
3909,-91
3910,-102
3911,-108
3912,-117
3913,-128
3914,-130
3915,-122
3916,-116
3917,-121
3918,-131
3919,-131
3920,-122
3921,-121
3922,-139
3923,-167
3924,-187
3925,-196
3926,-204
3927,-218
3928,-226
3929,-215
3930,-192
3931,-176
3932,-175
3933,-178
3934,-166
3935,-143
3936,-129
3937,-134
3938,-142
3939,-137
3940,-120
3941,-111
3942,-122
3943,-143
3944,-155
3945,-154
3946,-151
3947,-150
3948,-144
3949,-128
3950,-110
3951,-102
3952,-101
3953,-96
3954,-82
3955,-75
3956,-94
3957,-139
3958,-180
3959,-192
3960,-173
3961,-146
3962,-134
3963,-138
3964,-140
3965,-117
3966,-71
3967,-25
3968,-7
3969,-19
3970,-40
3971,-48
3972,-41
3973,-36
3974,-43
3975,-51
3976,-44
3977,-23
3978,-6
3979,-4
3980,-10
3981,-6
3982,10
3983,24
3984,27
3985,23
3986,22
3987,28
3988,33
3989,34
3990,38
3991,48
3992,57
3993,57
3994,49
3995,46
3996,59
3997,82
3998,97
3999,93
4000,77
4001,64
4002,63
4003,65
4004,60
4005,44
4006,19
4007,-1
4008,-5
4009,14
4010,45
4011,64
4012,54
4013,24
4014,7
4015,18
4016,40
4017,33
4018,-12
4019,-60
4020,-72
4021,-48
4022,-23
4023,-27
4024,-51
4025,-73
4026,-86
4027,-104
4028,-134
4029,-162
4030,-173
4031,-173
4032,-174
4033,-177
4034,-161
4035,-115
4036,-56
4037,-8
4038,17
4039,28
4040,36
4041,46
4042,51
4043,47
4044,32
4045,9
4046,-14
4047,-24
4048,-13
4049,11
4050,30
4051,35
4052,33
4053,37
4054,49
4055,57
4056,55
4057,58
4058,78
4059,107
4060,115
4061,96
4062,73
4063,75
4064,98
4065,112
4066,94
4067,58
4068,38
4069,48
4070,77
4071,105
4072,123
4073,132
4074,127
4075,114
4076,108
4077,117
4078,130
4079,124
4080,99
4081,82
4082,89
4083,112
4084,127
4085,130
4086,143
4087,175
4088,203
4089,195
4090,158
4091,129
4092,131
4093,148
4094,155
4095,164
4096,217
4097,328
4098,464
4099,582
4100,688
4101,820
4102,996
4103,1181
4104,1329
4105,1434
4106,1516
4107,1572
4108,1573
4109,1503
4110,1388
4111,1258
4112,1089
4113,829
4114,478
4115,128
4116,-123
4117,-266
4118,-382
4119,-530
4120,-674
4121,-725
4122,-649
4123,-501
4124,-370
4125,-292
4126,-249
4127,-215
4128,-185
4129,-168
4130,-170
4131,-187
4132,-215
4133,-245
4134,-257
4135,-246
4136,-221
4137,-204
4138,-203
4139,-203
4140,-190
4141,-167
4142,-151
4143,-149
4144,-155
4145,-157
4146,-151
4147,-136
4148,-116
4149,-98
4150,-89
4151,-91
4152,-95
4153,-87
4154,-72
4155,-64
4156,-71
4157,-78
4158,-71
4159,-57
4160,-55
4161,-68
4162,-72
4163,-46
4164,-13
4165,-13
4166,-53
4167,-89
4168,-75
4169,-21
4170,20
4171,14
4172,-11
4173,-5
4174,43
4175,91
4176,103
4177,88
4178,82
4179,98
4180,114
4181,107
4182,87
4183,79
4184,94
4185,116
4186,128
4187,128
4188,129
4189,139
4190,151
4191,163
4192,170
4193,170
4194,163
4195,152
4196,143
4197,144
4198,148
4199,149
4200,145
4201,144
4202,155
4203,171
4204,177
4205,168
4206,154
4207,155
4208,171
4209,185
4210,179
4211,157
4212,139
4213,138
4214,143
4215,135
4216,108
4217,80
4218,70
4219,77
4220,82
4221,70
4222,49
4223,38
4224,39
4225,37
4226,16
4227,-16
4228,-41
4229,-47
4230,-46
4231,-52
4232,-65
4233,-75
4234,-73
4235,-66
4236,-66
4237,-78
4238,-92
4239,-97
4240,-97
4241,-102
4242,-122
4243,-152
4244,-174
4245,-177
4246,-166
4247,-158
4248,-163
4249,-172
4250,-173
4251,-158
4252,-139
4253,-130
4254,-135
4255,-143
4256,-147
4257,-151
4258,-163
4259,-181
4260,-195
4261,-198
4262,-193
4263,-193
4264,-202
4265,-205
4266,-190
4267,-161
4268,-136
4269,-128
4270,-131
4271,-135
4272,-142
4273,-163
4274,-200
4275,-232
4276,-235
4277,-211
4278,-185
4279,-179
4280,-189
4281,32
4282,39
4283,74
4284,110
4285,117
4286,96
4287,72
4288,65
4289,70
4290,68
4291,51
4292,30
4293,21
4294,20
4295,15
4296,-1
4297,-15
4298,-11
4299,13
4300,34
4301,32
4302,11
4303,-8
4304,-6
4305,9
4306,15
4307,-1
4308,-33
4309,-65
4310,-87
4311,-99
4312,-107
4313,-118
4314,-134
4315,-149
4316,-157
4317,-158
4318,-158
4319,-162
4320,-157
4321,-133
4322,-95
4323,-64
4324,-55
4325,-55
4326,-41
4327,-7
4328,30
4329,51
4330,58
4331,63
4332,72
4333,80
4334,84
4335,89
4336,98
4337,105
4338,103
4339,93
4340,86
4341,89
4342,100
4343,112
4344,120
4345,123
4346,123
4347,124
4348,129
4349,134
4350,129
4351,117
4352,109
4353,118
4354,133
4355,128
4356,98
4357,70
4358,77
4359,117
4360,150
4361,148
4362,123
4363,111
4364,129
4365,159
4366,172
4367,164
4368,154
4369,153
4370,159
4371,158
4372,155
4373,159
4374,172
4375,180
4376,171
4377,150
4378,138
4379,151
4380,179
4381,205
4382,235
4383,287
4384,376
4385,490
4386,609
4387,732
4388,874
4389,1043
4390,1222
4391,1388
4392,1524
4393,1614
4394,1634
4395,1572
4396,1453
4397,1315
4398,1157
4399,926
4400,590
4401,208
4402,-103
4403,-281
4404,-377
4405,-485
4406,-616
4407,-693
4408,-649
4409,-515
4410,-384
4411,-315
4412,-288
4413,-256
4414,-213
4415,-187
4416,-192
4417,-213
4418,-227
4419,-235
4420,-245
4421,-254
4422,-251
4423,-231
4424,-207
4425,-192
4426,-184
4427,-170
4428,-143
4429,-113
4430,-91
4431,-83
4432,-86
4433,-94
4434,-104
4435,-107
4436,-101
4437,-94
4438,-95
4439,-106
4440,-115
4441,-110
4442,-90
4443,-70
4444,-61
4445,-59
4446,-54
4447,-42
4448,-27
4449,-16
4450,-7
4451,2
4452,14
4453,24
4454,28
4455,29
4456,30
4457,32
4458,37
4459,39
4460,34
4461,22
4462,11
4463,13
4464,30
4465,54
4466,72
4467,82
4468,92
4469,113
4470,138
4471,156
4472,158
4473,150
4474,142
4475,135
4476,129
4477,122
4478,117
4479,117
4480,122
4481,131
4482,146
4483,169
4484,190
4485,196
4486,182
4487,164
4488,163
4489,181
4490,202
4491,211
4492,211
4493,214
4494,229
4495,244
4496,249
4497,245
4498,236
4499,221
4500,195
4501,160
4502,129
4503,113
4504,105
4505,94
4506,74
4507,56
4508,45
4509,31
4510,9
4511,-15
4512,-29
4513,-30
4514,-32
4515,-46
4516,-65
4517,-79
4518,-87
4519,-98
4520,-117
4521,-131
4522,-133
4523,-129
4524,-132
4525,-143
4526,-147
4527,-136
4528,-120
4529,-119
4530,-135
4531,-151
4532,-156
4533,-156
4534,-169
4535,-193
4536,-209
4537,-203
4538,-180
4539,-161
4540,-158
4541,-158
4542,-149
4543,-130
4544,-118
4545,-122
4546,-137
4547,-147
4548,-154
4549,-170
4550,-201
4551,-229
4552,-228
4553,-196
4554,-157
4555,-143
4556,-154
4557,-161
4558,-141
4559,-101
4560,-74
4561,-83
4562,-117
4563,-146
4564,-153
4565,-151
4566,-158
4567,-173
4568,-176
4569,-152
4570,-110
4571,-77
4572,-71
4573,-81
4574,-85
4575,-73
4576,-53
4577,-40
4578,-39
4579,-43
4580,-42
4581,-33
4582,-15
4583,10
4584,31
4585,32
4586,7
4587,-29
4588,-53
4589,-50
4590,-34
4591,-25
4592,-31
4593,-39
4594,-29
4595,1
4596,36
4597,63
4598,78
4599,84
4600,88
4601,90
4602,82
4603,65
4604,44
4605,30
4606,30
4607,43
4608,54
4609,50
4610,32
4611,13
4612,14
4613,33
4614,49
4615,37
4616,0
4617,-33
4618,-40
4619,-25
4620,-17
4621,-26
4622,-38
4623,-34
4624,-22
4625,-27
4626,-54
4627,-82
4628,-84
4629,-66
4630,-61
4631,-86
4632,-123
4633,-139
4634,-129
4635,-118
4636,-121
4637,-132
4638,-135
4639,-129
4640,-127
4641,-130
4642,-121
4643,-91
4644,-51
4645,-27
4646,-21
4647,-12
4648,20
4649,63
4650,90
4651,87
4652,68
4653,61
4654,75
4655,93
4656,93
4657,71
4658,50
4659,55
4660,90
4661,123
4662,123
4663,85
4664,47
4665,45
4666,73
4667,89
4668,68
4669,32
4670,29
4671,70
4672,121
4673,140
4674,131
4675,131
4676,158
4677,191
4678,198
4679,172
4680,139
4681,119
4682,113
4683,107
4684,96
4685,89
4686,96
4687,114
4688,132
4689,146
4690,155
4691,164
4692,171
4693,171
4694,161
4695,141
4696,121
4697,116
4698,129
4699,158
4700,198
4701,249
4702,314
4703,393
4704,485
4705,595
4706,727
4707,883
4708,1060
4709,1241
4710,1401
4711,1506
4712,1533
4713,1490
4714,1411
4715,1314
4716,1164
4717,900
4718,510
4719,80
4720,-260
4721,-444
4722,-524
4723,-598
4724,-698
4725,-759
4726,-708
4727,-549
4728,-362
4729,-226
4730,-160
4731,-135
4732,-126
4733,-129
4734,-144
4735,-161
4736,-164
4737,-153
4738,-145
4739,-154
4740,-178
4741,-195
4742,-188
4743,-158
4744,-130
4745,-126
4746,-146
4747,-162
4748,-147
4749,-108
4750,-70
4751,-51
4752,-48
4753,-45
4754,-36
4755,-30
4756,-37
4757,-53
4758,-70
4759,-77
4760,-72
4761,-61
4762,-50
4763,-45
4764,-41
4765,-28
4766,-1
4767,30
4768,47
4769,47
4770,44
4771,53
4772,64
4773,56
4774,23
4775,-7
4776,-3
4777,28
4778,46
4779,27
4780,-2
4781,7
4782,65
4783,128
4784,145
4785,114
4786,86
4787,99
4788,143
4789,172
4790,164
4791,143
4792,145
4793,174
4794,205
4795,214
4796,208
4797,209
4798,222
4799,229
4800,215
4801,191
4802,179
4803,193
4804,220
4805,237
4806,235
4807,226
4808,229
4809,248
4810,267
4811,269
4812,250
4813,226
4814,212
4815,203
4816,184
4817,148
4818,107
4819,85
4820,89
4821,101
4822,94
4823,66
4824,35
4825,26
4826,40
4827,56
4828,47
4829,8
4830,-38
4831,-63
4832,-59
4833,-43
4834,-43
4835,-65
4836,-90
4837,-97
4838,-84
4839,-73
4840,-85
4841,-115
4842,-136
4843,-135
4844,-128
4845,-141
4846,-178
4847,-205
4848,-195
4849,-158
4850,-136
4851,-150
4852,-175
4853,-174
4854,-147
4855,-132
4856,-160
4857,-214
4858,-247
4859,-240
4860,-221
4861,-220
4862,-233
4863,-234
4864,-207
4865,-167
4866,-135
4867,-114
4868,-98
4869,-87
4870,-89
4871,-103
4872,-116
4873,-121
4874,-128
4875,-150
4876,-179
4877,-196
4878,-189
4879,-174
4880,-169
4881,-169
4882,-160
4883,-137
4884,-115
4885,-106
4886,-104
4887,-91
4888,-70
4889,-55
4890,-53
4891,-54
4892,-48
4893,-45
4894,-63
4895,-96
4896,-111
4897,-90
4898,-51
4899,-29
4900,-35
4901,-42
4902,-21
4903,22
4904,58
4905,66
4906,53
4907,40
4908,37
4909,34
4910,24
4911,14
4912,14
4913,24
4914,35
4915,38
4916,38
4917,42
4918,46
4919,42
4920,25
4921,7
4922,0
4923,9
4924,19
4925,21
4926,21
4927,33
4928,62
4929,94
4930,104
4931,84
4932,40
4933,-7
4934,-40
4935,-52
4936,-55
4937,-69
4938,-105
4939,-151
4940,-175
4941,-159
4942,-120
4943,-92
4944,-98
4945,-122
4946,-137
4947,-132
4948,-119
4949,-118
4950,-135
4951,-157
4952,-172
4953,-174
4954,-164
4955,-142
4956,-115
4957,-88
4958,-62
4959,-32
4960,5
4961,44
4962,72
4963,81
4964,79
4965,76
4966,72
4967,59
4968,34
4969,9
4970,-5
4971,-3
4972,6
4973,15
4974,25
4975,40
4976,58
4977,69
4978,71
4979,69
4980,69
4981,75
4982,80
4983,78
4984,71
4985,67
4986,72
4987,86
4988,103
4989,121
4990,137
4991,142
4992,133
4993,122
4994,119
4995,127
4996,128
4997,107
4998,71
4999,53
5000,75
5001,123
5002,157
5003,155
5004,138
5005,141
5006,166
5007,181
5008,153
5009,96
5010,58
5011,69
5012,114
5013,162
5014,205
5015,272
5016,380
5017,516
5018,652
5019,780
5020,915
5021,1067
5022,1223
5023,1363
5024,1472
5025,1540
5026,1558
5027,1529
5028,1467
5029,1371
5030,1204
5031,928
5032,563
5033,197
5034,-78
5035,-257
5036,-406
5037,-569
5038,-706
5039,-738
5040,-645
5041,-488
5042,-358
5043,-290
5044,-257
5045,-227
5046,-198
5047,-193
5048,-223
5049,-270
5050,-302
5051,-305
5052,-294
5053,-292
5054,-303
5055,-308
5056,-287
5057,-250
5058,-226
5059,-231
5060,-250
5061,-254
5062,-238
5063,-217
5064,-206
5065,-196
5066,-175
5067,-147
5068,-129
5069,-128
5070,-135
5071,-135
5072,-128
5073,-125
5074,-134
5075,-157
5076,-180
5077,-185
5078,-164
5079,-125
5080,-94
5081,-87
5082,-98
5083,-98
5084,-77
5085,-54
5086,-56
5087,-86
5088,-116
5089,-119
5090,-98
5091,-76
5092,-68
5093,-65
5094,-51
5095,-23
5096,4
5097,15
5098,11
5099,4
5100,0
5101,0
5102,-1
5103,-2
5104,0
5105,10
5106,26
5107,43
5108,53
5109,55
5110,48
5111,41
5112,35
5113,34
5114,40
5115,53
5116,69
5117,85
5118,101
5119,122
5120,146
5121,166
5122,167
5123,145
5124,112
5125,92
5126,94
5127,105
5128,97
5129,62
5130,25
5131,19
5132,50
5133,87
5134,95
5135,70
5136,42
5137,37
5138,51
5139,62
5140,53
5141,29
5142,3
5143,-20
5144,-38
5145,-50
5146,-54
5147,-59
5148,-84
5149,-132
5150,-178
5151,-195
5152,-184
5153,-175
5154,-190
5155,-211
5156,-206
5157,-168
5158,-130
5159,-128
5160,-153
5161,-165
5162,-148
5163,-130
5164,-153
5165,-215
5166,-272
5167,-279
5168,-239
5169,-196
5170,-181
5171,-186
5172,-179
5173,-142
5174,-92
5175,-59
5176,-58
5177,-76
5178,-94
5179,-106
5180,-121
5181,-139
5182,-152
5183,-151
5184,-143
5185,-140
5186,-148
5187,-156
5188,-148
5189,-128
5190,-116
5191,-124
5192,-138
5193,-136
5194,-118
5195,-107
5196,-121
5197,-148
5198,-158
5199,-140
5200,-116
5201,-118
5202,-143
5203,-155
5204,-127
5205,-74
5206,-38
5207,-41
5208,-64
5209,-69
5210,-45
5211,-16
5212,-11
5213,-30
5214,-48
5215,-44
5216,-19
5217,6
5218,16
5219,14
5220,14
5221,22
5222,29
5223,22
5224,3
5225,-17
5226,-21
5227,-7
5228,11
5229,16
5230,10
5231,10
5232,30
5233,63
5234,82
5235,71
5236,43
5237,30
5238,45
5239,70
5240,75
5241,55
5242,32
5243,25
5244,31
5245,33
5246,21
5247,8
5248,1
5249,-5
5250,-20
5251,-40
5252,-47
5253,-37
5254,-28
5255,-41
5256,-70
5257,-88
5258,-77
5259,-58
5260,-62
5261,-94
5262,-125
5263,-130
5264,-117
5265,-112
5266,-124
5267,-135
5268,-122
5269,-88
5270,-57
5271,-45
5272,-44
5273,-36
5274,-11
5275,23
5276,52
5277,60
5278,40
5279,11
5280,-1
5281,20
5282,55
5283,73
5284,67
5285,65
5286,89
5287,127
5288,146
5289,137
5290,125
5291,131
5292,145
5293,138
5294,111
5295,90
5296,98
5297,122
5298,133
5299,120
5300,106
5301,107
5302,116
5303,118
5304,112
5305,111
5306,118
5307,119
5308,104
5309,84
5310,81
5311,101
5312,128
5313,143
5314,145
5315,149
5316,158
5317,164
5318,160
5319,153
5320,151
5321,152
5322,147
5323,139
5324,145
5325,175
5326,216
5327,259
5328,308
5329,384
5330,489
5331,600
5332,700
5333,807
5334,948
5335,1122
5336,1295
5337,1434
5338,1529
5339,1585
5340,1597
5341,1555
5342,1456
5343,1303
5344,1085
5345,791
5346,447
5347,118
5348,-132
5349,-300
5350,-430
5351,-550
5352,-633
5353,-630
5354,-541
5355,-418
5356,-322
5357,-264
5358,-222
5359,-183
5360,-160
5361,-168
5362,-200
5363,-232
5364,-252
5365,-264
5366,-273
5367,-274
5368,-257
5369,-224
5370,-186
5371,-153
5372,-128
5373,-111
5374,-103
5375,-103
5376,-109
5377,-115
5378,-121
5379,-130
5380,-139
5381,-141
5382,-131
5383,-117
5384,-110
5385,-107
5386,-95
5387,-73
5388,-55
5389,-58
5390,-73
5391,-78
5392,-62
5393,-43
5394,-42
5395,-53
5396,-54
5397,-31
5398,-4
5399,4
5400,-12
5401,-30
5402,-34
5403,-29
5404,-29
5405,-33
5406,-26
5407,1
5408,36
5409,63
5410,74
5411,83
5412,104
5413,134
5414,151
5415,144
5416,121
5417,103
5418,101
5419,109
5420,106
5421,89
5422,73
5423,77
5424,103
5425,132
5426,143
5427,138
5428,137
5429,152
5430,172
5431,174
5432,149
5433,114
5434,93
5435,94
5436,101
5437,98
5438,84
5439,70
5440,69
5441,83
5442,103
5443,113
5444,101
5445,74
5446,50
5447,42
5448,42
5449,31
5450,4
5451,-25
5452,-37
5453,-38
5454,-39
5455,-47
5456,-57
5457,-65
5458,-78
5459,-99
5460,-119
5461,-128
5462,-127
5463,-128
5464,-138
5465,-144
5466,-133
5467,-110
5468,-92
5469,-94
5470,-113
5471,-131
5472,-136
5473,-129
5474,-125
5475,-132
5476,-150
5477,-165
5478,-167
5479,-156
5480,-144
5481,-142
5482,-148
5483,-153
5484,-146
5485,-124
5486,-96
5487,-79
5488,-80
5489,-90
5490,-95
5491,-88
5492,-82
5493,-96
5494,-129
5495,-156
5496,-156
5497,-136
5498,-123
5499,-129
5500,-138
5501,-126
5502,-95
5503,-67
5504,-63
5505,-79
5506,-95
5507,-103
5508,-110
5509,-121
5510,-126
5511,-118
5512,-98
5513,-81
5514,-71
5515,-63
5516,-50
5517,-33
5518,-20
5519,-16
5520,-22
5521,-36
5522,-54
5523,-61
5524,-44
5525,-14
5526,5
5527,-4
5528,-25
5529,-28
5530,-4
5531,27
5532,43
5533,45
5534,53
5535,70
5536,80
5537,74
5538,63
5539,66
5540,78
5541,76
5542,51
5543,24
5544,20
5545,36
5546,50
5547,47
5548,42
5549,55
5550,79
5551,90
5552,75
5553,54
5554,48
5555,57
5556,64
5557,54
5558,37
5559,29
5560,29
5561,24
5562,4
5563,-16
5564,-19
5565,-9
5566,-11
5567,-38
5568,-79
5569,-101
5570,-91
5571,-66
5572,-50
5573,-57
5574,-77
5575,-94
5576,-104
5577,-110
5578,-114
5579,-115
5580,-116
5581,-124
5582,-143
5583,-161
5584,-159
5585,-133
5586,-95
5587,-58
5588,-24
5589,13
5590,52
5591,84
5592,104
5593,115
5594,123
5595,126
5596,120
5597,102
5598,78
5599,58
5600,52
5601,66
5602,93
5603,119
5604,127
5605,118
5606,109
5607,114
5608,128
5609,132
5610,121
5611,109
5612,107
5613,110
5614,109
5615,106
5616,116
5617,140
5618,155
5619,145
5620,120
5621,105
5622,106
5623,103
5624,79
5625,51
5626,48
5627,78
5628,112
5629,123
5630,114
5631,115
5632,144
5633,187
5634,212
5635,206
5636,178
5637,155
5638,153
5639,173
5640,200
5641,229
5642,267
5643,325
5644,411
5645,515
5646,627
5647,747
5648,885
5649,1046
5650,1218
5651,1374
5652,1491
5653,1557
5654,1576
5655,1553
5656,1491
5657,1377
5658,1185
5659,903
5660,559
5661,223
5662,-43
5663,-232
5664,-387
5665,-539
5666,-656
5667,-680
5668,-592
5669,-446
5670,-321
5671,-252
5672,-215
5673,-177
5674,-133
5675,-108
5676,-119
5677,-151
5678,-183
5679,-205
5680,-212
5681,-207
5682,-188
5683,-166
5684,-152
5685,-148
5686,-147
5687,-137
5688,-122
5689,-117
5690,-128
5691,-140
5692,-132
5693,-106
5694,-82
5695,-73
5696,-69
5697,-48
5698,-15
5699,-2
5700,-34
5701,-89
5702,-117
5703,-93
5704,-47
5705,-29
5706,-47
5707,-61
5708,-35
5709,23
5710,68
5711,76
5712,58
5713,47
5714,51
5715,57
5716,53
5717,41
5718,30
5719,24
5720,19
5721,14
5722,15
5723,29
5724,47
5725,58
5726,57
5727,52
5728,54
5729,68
5730,87
5731,101
5732,110
5733,117
5734,127
5735,139
5736,151
5737,158
5738,156
5739,144
5740,129
5741,125
5742,133
5743,145
5744,149
5745,144
5746,137
5747,133
5748,134
5749,136
5750,141
5751,146
5752,142
5753,125
5754,101
5755,90
5756,98
5757,110
5758,108
5759,87
5760,62
5761,49
5762,43
5763,32
5764,11
5765,-12
5766,-28
5767,-39
5768,-48
5769,-54
5770,-56
5771,-60
5772,-71
5773,-86
5774,-94
5775,-92
5776,-99
5777,-128
5778,-171
5779,-197
5780,-190
5781,-164
5782,-148
5783,-155
5784,-167
5785,-161
5786,-136
5787,-109
5788,-96
5789,-98
5790,-106
5791,-112
5792,-112
5793,-105
5794,-94
5795,-86
5796,-87
5797,-97
5798,-108
5799,-113
5800,-111
5801,-109
5802,-114
5803,-121
5804,-123
5805,-117
5806,-110
5807,-112
5808,-122
5809,-131
5810,-128
5811,-114
5812,-97
5813,-86
5814,-82
5815,-81
5816,-80
5817,-77
5818,-74
5819,-74
5820,-82
5821,-96
5822,-108
5823,-110
5824,-99
5825,-81
5826,-61
5827,-39
5828,-17
5829,1
5830,11
5831,16
5832,21
5833,26
5834,24
5835,12
5836,-6
5837,-20
5838,-22
5839,-16
5840,-3
5841,19
5842,43
5843,60
5844,67
5845,73
5846,87
5847,108
5848,121
5849,115
5850,100
5851,91
5852,96
5853,98
5854,84
5855,59
5856,45
5857,51
5858,64
5859,64
5860,49
5861,36
5862,45
5863,72
5864,96
5865,99
5866,84
5867,69
5868,66
5869,75
5870,87
5871,93
5872,87
5873,70
5874,48
5875,32
5876,28
5877,28
5878,19
5879,0
5880,-21
5881,-36
5882,-44
5883,-48
5884,-50
5885,-46
5886,-43
5887,-49
5888,-67
5889,-80
5890,-75
5891,-63
5892,-68
5893,-97
5894,-125
5895,-120
5896,-87
5897,-57
5898,-52
5899,-53
5900,-28
5901,26
5902,79
5903,101
5904,98
5905,96
5906,105
5907,114
5908,113
5909,104
5910,95
5911,86
5912,78
5913,80
5914,94
5915,108
5916,105
5917,89
5918,91
5919,121
5920,153
5921,153
5922,122
5923,98
5924,109
5925,140
5926,155
5927,145
5928,135
5929,144
5930,160
5931,161
5932,149
5933,147
5934,164
5935,181
5936,174
5937,148
5938,128
5939,134
5940,156
5941,170
5942,166
5943,156
5944,158
5945,178
5946,204
5947,219
5948,217
5949,207
5950,199
5951,197
5952,201
5953,212
5954,241
5955,297
5956,380
5957,481
5958,593
5959,720
5960,871
5961,1043
5962,1222
5963,1383
5964,1498
5965,1547
5966,1527
5967,1454
5968,1344
5969,1189
5970,958
5971,638
5972,280
5973,-29
5974,-232
5975,-355
5976,-467
5977,-593
5978,-683
5979,-668
5980,-543
5981,-381
5982,-260
5983,-201
5984,-169
5985,-135
5986,-101
5987,-88
5988,-99
5989,-118
5990,-131
5991,-141
5992,-151
5993,-161
5994,-159
5995,-145
5996,-125
5997,-109
5998,-105
5999,-113
6000,-125
6001,-129
6002,-118
6003,-95
6004,-74
6005,-68
6006,-83
6007,-114
6008,-149
6009,-167
6010,-152
6011,-113
6012,-76
6013,-68
6014,-82
6015,-87
6016,-58
6017,-5
6018,33
6019,35
6020,12
6021,-5
6022,-1
6023,14
6024,23
6025,27
6026,36
6027,57
6028,79
6029,93
6030,100
6031,105
6032,112
6033,117
6034,111
6035,94
6036,76
6037,68
6038,72
6039,84
6040,95
6041,106
6042,124
6043,149
6044,169
6045,169
6046,151
6047,133
6048,134
6049,153
6050,168
6051,162
6052,145
6053,137
6054,149
6055,170
6056,182
6057,182
6058,176
6059,171
6060,163
6061,152
6062,147
6063,152
6064,162
6065,158
6066,137
6067,116
6068,113
6069,128
6070,140
6071,136
6072,115
6073,92
6074,79
6075,73
6076,69
6077,59
6078,42
6079,18
6080,-6
6081,-25
6082,-36
6083,-53
6084,-85
6085,-126
6086,-154
6087,-155
6088,-143
6089,-142
6090,-159
6091,-175
6092,-169
6093,-144
6094,-123
6095,-126
6096,-142
6097,-152
6098,-148
6099,-138
6100,-138
6101,-150
6102,-164
6103,-173
6104,-180
6105,-192
6106,-206
6107,-208
6108,-191
6109,-165
6110,-150
6111,-154
6112,-162
6113,-152
6114,-120
6115,-91
6116,-89
6117,-113
6118,-136
6119,-134
6120,-107
6121,-80
6122,-81
6123,-110
6124,-143
6125,-151
6126,-128
6127,-98
6128,-88
6129,-107
6130,-131
6131,-131
6132,-101
6133,-65
6134,-50
6135,-56
6136,-65
6137,-59
6138,-39
6139,-20
6140,-13
6141,-13
6142,-12
6143,-3
6144,7
6145,10
6146,6
6147,-1
6148,-1
6149,12
6150,30
6151,43
6152,46
6153,49
6154,64
6155,90
6156,107
6157,99
6158,73
6159,52
6160,51
6161,55
6162,45
6163,22
6164,12
6165,33
6166,74
6167,106
6168,116
6169,110
6170,104
6171,102
6172,98
6173,90
6174,78
6175,62
6176,36
6177,8
6178,-7
6179,0
6180,15
6181,16
6182,-5
6183,-32
6184,-43
6185,-43
6186,-48
6187,-66
6188,-87
6189,-97
6190,-100
6191,-108
6192,-129
6193,-154
6194,-171
6195,-176
6196,-172
6197,-163
6198,-148
6199,-131
6200,-115
6201,-97
6202,-68
6203,-26
6204,19
6205,51
6206,66
6207,70
6208,73
6209,80
6210,91
6211,104
6212,111
6213,100
6214,74
6215,52
6216,55
6217,81
6218,108
6219,118
6220,115
6221,119
6222,138
6223,155
6224,157
6225,148
6226,140
6227,140
6228,137
6229,126
6230,113
6231,107
6232,110
6233,117
6234,128
6235,145
6236,160
6237,160
6238,141
6239,120
6240,119
6241,139
6242,161
6243,168
6244,168
6245,175
6246,196
6247,217
6248,220
6249,205
6250,185
6251,169
6252,160
6253,154
6254,149
6255,148
6256,159
6257,191
6258,252
6259,339
6260,442
6261,541
6262,633
6263,733
6264,860
6265,1016
6266,1185
6267,1336
6268,1438
6269,1469
6270,1428
6271,1338
6272,1235
6273,1117
6274,929
6275,612
6276,189
6277,-217
6278,-470
6279,-549
6280,-559
6281,-612
6282,-704
6283,-733
6284,-619
6285,-405
6286,-208
6287,-110
6288,-93
6289,-96
6290,-83
6291,-64
6292,-60
6293,-67
6294,-74
6295,-79
6296,-88
6297,-102
6298,-111
6299,-102
6300,-82
6301,-65
6302,-59
6303,-65
6304,-72
6305,-71
6306,-55
6307,-30
6308,-3
6309,13
6310,14
6311,6
6312,-2
6313,-6
6314,-15
6315,-34
6316,-54
6317,-57
6318,-39
6319,-13
6320,3
6321,3
6322,3
6323,18
6324,46
6325,69
6326,72
6327,59
6328,47
6329,47
6330,56
6331,62
6332,55
6333,41
6334,39
6335,57
6336,84
6337,104
6338,106
6339,102
6340,108
6341,129
6342,157
6343,176
6344,181
6345,178
6346,178
6347,186
6348,199
6349,208
6350,209
6351,201
6352,187
6353,168
6354,148
6355,139
6356,149
6357,176
6358,201
6359,204
6360,189
6361,176
6362,186
6363,213
6364,235
6365,232
6366,211
6367,193
6368,192
6369,205
6370,220
6371,226
6372,228
6373,228
6374,227
6375,218
6376,196
6377,165
6378,134
6379,114
6380,99
6381,77
6382,40
6383,-3
6384,-30
6385,-33
6386,-24
6387,-25
6388,-42
6389,-61
6390,-67
6391,-67
6392,-76
6393,-98
6394,-117
6395,-123
6396,-124
6397,-140
6398,-168
6399,-190
6400,-189
6401,-175
6402,-172
6403,-189
6404,-212
6405,-220
6406,-211
6407,-200
6408,-198
6409,-202
6410,-198
6411,-184
6412,-171
6413,-165
6414,-168
6415,-175
6416,-184
6417,-199
6418,-215
6419,-228
6420,-229
6421,-218
6422,-201
6423,-186
6424,-178
6425,-173
6426,-168
6427,-158
6428,-146
6429,-144
6430,-162
6431,-193
6432,-215
6433,-208
6434,-176
6435,-144
6436,-130
6437,-127
6438,-120
6439,-101
6440,-82
6441,-73
6442,-72
6443,-69
6444,-63
6445,-64
6446,-77
6447,-92
6448,-92
6449,-69
6450,-36
6451,-7
6452,12
6453,27
6454,46
6455,70
6456,98
6457,121
6458,130
6459,123
6460,106
6461,91
6462,85
6463,87
6464,92
6465,97
6466,103
6467,109
6468,111
6469,107
6470,106
6471,116
6472,130
6473,133
6474,114
6475,79
6476,46
6477,30
6478,30
6479,38
6480,40
6481,28
6482,7
6483,-14
6484,-21
6485,-16
6486,-15
6487,-32
6488,-63
6489,-94
6490,-111
6491,-117
6492,-124
6493,-137
6494,-151
6495,-157
6496,-154
6497,-142
6498,-120
6499,-88
6500,-54
6501,-29
6502,-12
6503,7
6504,34
6505,60
6506,68
6507,51
6508,22
6509,2
6510,3
6511,17
6512,28
6513,31
6514,31
6515,37
6516,55
6517,78
6518,96
6519,101
6520,91
6521,77
6522,66
6523,67
6524,76
6525,86
6526,90
6527,92
6528,100
6529,115
6530,125
6531,120
6532,102
6533,87
6534,86
6535,90
6536,81
6537,61
6538,48
6539,58
6540,87
6541,118
6542,139
6543,152
6544,159
6545,154
6546,139
6547,126
6548,129
6549,142
6550,142
6551,119
6552,93
6553,94
6554,126
6555,161
6556,175
6557,182
6558,222
6559,317
6560,447
6561,570
6562,672
6563,778
6564,921
6565,1104
6566,1292
6567,1443
6568,1537
6569,1578
6570,1580
6571,1554
6572,1494
6573,1371
6574,1148
6575,818
6576,436
6577,94
6578,-146
6579,-307
6580,-453
6581,-612
6582,-739
6583,-764
6584,-673
6585,-521
6586,-381
6587,-290
6588,-242
6589,-212
6590,-185
6591,-163
6592,-158
6593,-179
6594,-222
6595,-266
6596,-286
6597,-277
6598,-252
6599,-228
6600,-208
6601,-185
6602,-158
6603,-135
6604,-122
6605,-116
6606,-110
6607,-106
6608,-106
6609,-113
6610,-124
6611,-136
6612,-146
6613,-151
6614,-146
6615,-129
6616,-105
6617,-79
6618,-54
6619,-33
6620,-18
6621,-13
6622,-23
6623,-41
6624,-56
6625,-61
6626,-61
6627,-64
6628,-72
6629,-78
6630,-69
6631,-44
6632,-12
6633,14
6634,29
6635,39
6636,49
6637,62
6638,73
6639,76
6640,72
6641,61
6642,53
6643,53
6644,65
6645,83
6646,94
6647,95
6648,95
6649,105
6650,122
6651,135
6652,135
6653,131
6654,131
6655,134
6656,133
6657,132
6658,139
6659,155
6660,162
6661,147
6662,124
6663,123
6664,151
6665,181
6666,180
6667,147
6668,116
6669,116
6670,141
6671,162
6672,159
6673,134
6674,103
6675,80
6676,68
6677,58
6678,39
6679,8
6680,-26
6681,-48
6682,-53
6683,-50
6684,-57
6685,-75
6686,-91
6687,-95
6688,-95
6689,-107
6690,-130
6691,-152
6692,-160
6693,-159
6694,-164
6695,-180
6696,-194
6697,-197
6698,-196
6699,-205
6700,-223
6701,-236
6702,-228
6703,-208
6704,-200
6705,-209
6706,-216
6707,-200
6708,-165
6709,-138
6710,-137
6711,-149
6712,-148
6713,-128
6714,-113
6715,-128
6716,-165
6717,-196
6718,-197
6719,-176
6720,-158
6721,-160
6722,-172
6723,-175
6724,-158
6725,-130
6726,-107
6727,-101
6728,-107
6729,-116
6730,-123
6731,-128
6732,-132
6733,-133
6734,-130
6735,-129
6736,-131
6737,-133
6738,-125
6739,-103
6740,-77
6741,-60
6742,-54
6743,-50
6744,-38
6745,-23
6746,-12
6747,-10
6748,-9
6749,-1
6750,13
6751,21
6752,18
6753,10
6754,7
6755,15
6756,27
6757,35
6758,39
6759,43
6760,56
6761,70
6762,80
6763,83
6764,82
6765,79
6766,72
6767,64
6768,59
6769,61
6770,61
6771,50
6772,34
6773,27
6774,35
6775,42
6776,29
6777,-1
6778,-22
6779,-17
6780,2
6781,8
6782,-11
6783,-40
6784,-57
6785,-58
6786,-55
6787,-58
6788,-70
6789,-81
6790,-86
6791,-83
6792,-81
6793,-81
6794,-86
6795,-92
6796,-97
6797,-102
6798,-104
6799,-101
6800,-90
6801,-71
6802,-55
6803,-46
6804,-39
6805,-18
6806,23
6807,67
6808,92
6809,91
6810,82
6811,89
6812,113
6813,126
6814,104
6815,57
6816,18
6817,14
6818,36
6819,53
6820,53
6821,51
6822,72
6823,114
6824,153
6825,167
6826,162
6827,156
6828,160
6829,164
6830,153
6831,125
6832,98
6833,87
6834,98
6835,118
6836,133
6837,135
6838,127
6839,122
6840,127
6841,135
6842,133
6843,121
6844,112
6845,120
6846,140
6847,153
6848,152
6849,150
6850,163
6851,179
6852,175
6853,145
6854,114
6855,116
6856,153
6857,200
6858,239
6859,285
6860,360
6861,466
6862,582
6863,696
6864,822
6865,972
6866,1139
6867,1299
6868,1430
6869,1523
6870,1575
6871,1586
6872,1561
6873,1504
6874,1389
6875,1176
6876,853
6877,483
6878,162
6879,-66
6880,-244
6881,-438
6882,-637
6883,-762
6884,-746
6885,-621
6886,-474
6887,-369
6888,-297
6889,-231
6890,-175
6891,-156
6892,-179
6893,-217
6894,-241
6895,-258
6896,-286
6897,-321
6898,-336
6899,-313
6900,-269
6901,-235
6902,-223
6903,-221
6904,-213
6905,-203
6906,-201
6907,-208
6908,-209
6909,-194
6910,-168
6911,-145
6912,-132
6913,-124
6914,-115
6915,-109
6916,-111
6917,-121
6918,-132
6919,-139
6920,-142
6921,-147
6922,-154
6923,-151
6924,-132
6925,-103
6926,-74
6927,-53
6928,-45
6929,-45
6930,-48
6931,-49
6932,-44
6933,-41
6934,-50
6935,-70
6936,-90
6937,-92
6938,-74
6939,-49
6940,-32
6941,-27
6942,-21
6943,-2
6944,25
6945,43
6946,43
6947,32
6948,24
6949,28
6950,38
6951,42
6952,40
6953,41
6954,55
6955,77
6956,89
6957,83
6958,69
6959,65
6960,78
6961,97
6962,108
6963,107
6964,106
6965,117
6966,134
6967,137
6968,117
6969,86
6970,64
6971,59
6972,58
6973,48
6974,31
6975,19
6976,17
6977,15
6978,4
6979,-9
6980,-14
6981,-9
6982,-11
6983,-31
6984,-62
6985,-82
6986,-84
6987,-81
6988,-93
6989,-121
6990,-147
6991,-157
6992,-156
6993,-159
6994,-178
6995,-205
6996,-222
6997,-220
6998,-203
6999,-188
7000,-186
7001,-192
7002,-196
7003,-186
7004,-168
7005,-159
7006,-171
7007,-197
7008,-217
7009,-214
7010,-194
7011,-179
7012,-183
7013,-196
7014,-196
7015,-175
7016,-144
7017,-121
7018,-112
7019,-108
7020,-101
7021,-95
7022,-99
7023,-117
7024,-135
7025,-145
7026,-150
7027,-158
7028,-170
7029,-175
7030,-167
7031,-145
7032,-122
7033,-109
7034,-106
7035,-102
7036,-92
7037,-80
7038,-79
7039,-91
7040,-109
7041,-120
7042,-127
7043,-139
7044,-160
7045,-177
7046,-169
7047,-135
7048,-97
7049,-75
7050,-66
7051,-51
7052,-18
7053,18
7054,38
7055,33
7056,21
7057,17
7058,23
7059,27
7060,23
7061,17
7062,21
7063,33
7064,45
7065,48
7066,47
7067,50
7068,59
7069,69
7070,73
7071,70
7072,62
7073,56
7074,53
7075,51
7076,48
7077,45
7078,43
7079,43
7080,42
7081,32
7082,7
7083,-23
7084,-44
7085,-45
7086,-35
7087,-33
7088,-52
7089,-82
7090,-107
7091,-118
7092,-122
7093,-127
7094,-135
7095,-141
7096,-145
7097,-152
7098,-161
7099,-167
7100,-163
7101,-149
7102,-135
7103,-131
7104,-138
7105,-145
7106,-142
7107,-123
7108,-90
7109,-54
7110,-26
7111,-9
7112,1
7113,15
7114,37
7115,57
7116,64
7117,54
7118,34
7119,14
7120,-5
7121,-27
7122,-46
7123,-44
7124,-13
7125,33
7126,66
7127,73
7128,70
7129,82
7130,110
7131,132
7132,130
7133,104
7134,71
7135,44
7136,28
7137,20
7138,21
7139,30
7140,43
7141,56
7142,70
7143,89
7144,112
7145,132
7146,142
7147,141
7148,136
7149,129
7150,123
7151,118
7152,118
7153,123
7154,132
7155,144
7156,154
7157,160
7158,158
7159,148
7160,136
7161,131
7162,137
7163,156
7164,194
7165,258
7166,351
7167,462
7168,586
7169,724
7170,883
7171,1062
7172,1241
7173,1399
7174,1521
7175,1598
7176,1627
7177,1611
7178,1558
7179,1466
7180,1304
7181,1043
7182,700
7183,348
7184,64
7185,-140
7186,-315
7187,-499
7188,-657
7189,-720
7190,-662
7191,-540
7192,-431
7193,-364
7194,-310
7195,-247
7196,-190
7197,-176
7198,-215
7199,-269
7200,-299
7201,-297
7202,-284
7203,-282
7204,-287
7205,-276
7206,-241
7207,-196
7208,-168
7209,-172
7210,-197
7211,-216
7212,-216
7213,-206
7214,-203
7215,-211
7216,-213
7217,-193
7218,-156
7219,-124
7220,-109
7221,-106
7222,-100
7223,-86
7224,-70
7225,-66
7226,-73
7227,-82
7228,-83
7229,-74
7230,-63
7231,-59
7232,-61
7233,-62
7234,-57
7235,-49
7236,-48
7237,-55
7238,-58
7239,-46
7240,-23
7241,-5
7242,-4
7243,-8
7244,-1
7245,22
7246,45
7247,54
7248,51
7249,49
7250,53
7251,57
7252,55
7253,51
7254,51
7255,55
7256,56
7257,55
7258,55
7259,62
7260,73
7261,84
7262,92
7263,97
7264,101
7265,106
7266,113
7267,124
7268,132
7269,131
7270,126
7271,125
7272,133
7273,139
7274,128
7275,101
7276,75
7277,65
7278,63
7279,53
7280,26
7281,-1
7282,-13
7283,-8
7284,0
7285,1
7286,-4
7287,-7
7288,-11
7289,-24
7290,-47
7291,-73
7292,-95
7293,-113
7294,-130
7295,-151
7296,-170
7297,-180
7298,-180
7299,-174
7300,-167
7301,-163
7302,-165
7303,-171
7304,-178
7305,-182
7306,-185
7307,-193
7308,-207
7309,-222
7310,-231
7311,-232
7312,-232
7313,-239
7314,-247
7315,-240
7316,-209
7317,-170
7318,-143
7319,-136
7320,-136
7321,-129
7322,-114
7323,-106
7324,-115
7325,-132
7326,-145
7327,-151
7328,-152
7329,-151
7330,-144
7331,-132
7332,-124
7333,-129
7334,-145
7335,-157
7336,-156
7337,-150
7338,-149
7339,-157
7340,-164
7341,-161
7342,-147
7343,-126
7344,-103
7345,-82
7346,-70
7347,-70
7348,-76
7349,-79
7350,-76
7351,-77
7352,-90
7353,-110
7354,-121
7355,-113
7356,-96
7357,-85
7358,-83
7359,-78
7360,-61
7361,-37
7362,-19
7363,-11
7364,-6
7365,4
7366,14
7367,17
7368,12
7369,4
7370,-2
7371,-6
7372,-9
7373,-5
7374,10
7375,30
7376,49
7377,63
7378,75
7379,88
7380,97
7381,97
7382,89
7383,77
7384,61
7385,43
7386,26
7387,17
7388,16
7389,14
7390,2
7391,-11
7392,-10
7393,8
7394,22
7395,14
7396,-14
7397,-37
7398,-41
7399,-35
7400,-38
7401,-54
7402,-72
7403,-84
7404,-94
7405,-111
7406,-132
7407,-146
7408,-147
7409,-142
7410,-143
7411,-152
7412,-160
7413,-157
7414,-142
7415,-118
7416,-90
7417,-64
7418,-47
7419,-36
7420,-24
7421,-9
7422,7
7423,15
7424,15
7425,12
7426,10
7427,3
7428,-11
7429,-22
7430,-13
7431,17
7432,46
7433,52
7434,37
7435,31
7436,52
7437,86
7438,101
7439,89
7440,70
7441,67
7442,74
7443,73
7444,57
7445,45
7446,49
7447,59
7448,56
7449,41
7450,36
7451,52
7452,74
7453,85
7454,88
7455,96
7456,117
7457,136
7458,140
7459,134
7460,128
7461,122
7462,113
7463,105
7464,108
7465,120
7466,122
7467,103
7468,80
7469,81
7470,108
7471,131
7472,126
7473,104
7474,97
7475,121
7476,168
7477,223
7478,292
7479,387
7480,505
7481,634
7482,767
7483,913
7484,1078
7485,1253
7486,1408
7487,1509
7488,1536
7489,1494
7490,1406
7491,1288
7492,1122
7493,867
7494,513
7495,124
7496,-193
7497,-380
7498,-477
7499,-570
7500,-685
7501,-758
7502,-714
7503,-560
7504,-392
7505,-298
7506,-282
7507,-282
7508,-257
7509,-220
7510,-209
7511,-232
7512,-261
7513,-267
7514,-252
7515,-235
7516,-224
7517,-211
7518,-187
7519,-161
7520,-148
7521,-154
7522,-170
7523,-180
7524,-176
7525,-160
7526,-140
7527,-126
7528,-125
7529,-138
7530,-146
7531,-134
7532,-106
7533,-86
7534,-93
7535,-115
7536,-121
7537,-96
7538,-58
7539,-40
7540,-49
7541,-64
7542,-63
7543,-49
7544,-39
7545,-41
7546,-41
7547,-26
7548,-5
7549,4
7550,-5
7551,-14
7552,-7
7553,15
7554,34
7555,34
7556,23
7557,15
7558,21
7559,34
7560,48
7561,59
7562,67
7563,72
7564,73
7565,74
7566,82
7567,97
7568,115
7569,127
7570,128
7571,123
7572,122
7573,131
7574,148
7575,164
7576,166
7577,155
7578,143
7579,144
7580,157
7581,163
7582,150
7583,125
7584,111
7585,115
7586,124
7587,122
7588,111
7589,106
7590,113
7591,121
7592,119
7593,110
7594,105
7595,105
7596,97
7597,76
7598,49
7599,24
7600,-1
7601,-35
7602,-72
7603,-97
7604,-105
7605,-109
7606,-123
7607,-146
7608,-160
7609,-158
7610,-152
7611,-160
7612,-182
7613,-203
7614,-208
7615,-206
7616,-212
7617,-229
7618,-243
7619,-241
7620,-233
7621,-235
7622,-252
7623,-263
7624,-251
7625,-219
7626,-193
7627,-189
7628,-197
7629,-193
7630,-167
7631,-138
7632,-127
7633,-135
7634,-148
7635,-157
7636,-163
7637,-169
7638,-177
7639,-181
7640,-184
7641,-191
7642,-197
7643,-195
7644,-180
7645,-162
7646,-153
7647,-155
7648,-161
7649,-161
7650,-155
7651,-148
7652,-145
7653,-146
7654,-149
7655,-150
7656,-147
7657,-145
7658,-149
7659,-164
7660,-182
7661,-189
7662,-177
7663,-154
7664,-135
7665,-125
7666,-115
7667,-91
7668,-57
7669,-26
7670,-11
7671,-13
7672,-22
7673,-31
7674,-39
7675,-46
7676,-48
7677,-40
7678,-24
7679,-8
7680,3
7681,11
7682,21
7683,36
7684,56
7685,70
7686,71
7687,59
7688,47
7689,47
7690,64
7691,86
7692,98
7693,93
7694,76
7695,60
7696,47
7697,33
7698,12
7699,-8
7700,-17
7701,-11
7702,2
7703,12
7704,19
7705,29
7706,46
7707,63
7708,67
7709,53
7710,26
7711,-5
7712,-33
7713,-56
7714,-71
7715,-76
7716,-78
7717,-83
7718,-94
7719,-109
7720,-116
7721,-112
7722,-102
7723,-101
7724,-120
7725,-155
7726,-187
7727,-199
7728,-193
7729,-191
7730,-206
7731,-227
7732,-226
7733,-193
7734,-149
7735,-124
7736,-123
7737,-119
7738,-86
7739,-32
7740,14
7741,30
7742,23
7743,18
7744,31
7745,59
7746,82
7747,84
7748,61
7749,30
7750,15
7751,21
7752,32
7753,29
7754,14
7755,6
7756,22
7757,51
7758,76
7759,90
7760,102
7761,123
7762,144
7763,152
7764,144
7765,132
7766,125
7767,120
7768,106
7769,84
7770,69
7771,72
7772,85
7773,91
7774,79
7775,62
7776,58
7777,72
7778,90
7779,96
7780,90
7781,85
7782,93
7783,112
7784,129
7785,137
7786,132
7787,121
7788,112
7789,116
7790,133
7791,158
7792,187
7793,227
7794,292
7795,386
7796,497
7797,613
7798,732
7799,868
7800,1023
7801,1185
7802,1333
7803,1452
7804,1528
7805,1544
7806,1498
7807,1403
7808,1266
7809,1065
7810,763
7811,375
7812,-13
7813,-297
7814,-450
7815,-540
7816,-638
7817,-735
7818,-753
7819,-644
7820,-455
7821,-288
7822,-206
7823,-191
7824,-196
7825,-195
7826,-201
7827,-223
7828,-252
7829,-268
7830,-270
7831,-265
7832,-257
7833,-237
7834,-200
7835,-157
7836,-132
7837,-137
7838,-158
7839,-176
7840,-179
7841,-174
7842,-169
7843,-163
7844,-152
7845,-140
7846,-133
7847,-133
7848,-133
7849,-128
7850,-123
7851,-123
7852,-127
7853,-120
7854,-97
7855,-72
7856,-60
7857,-64
7858,-68
7859,-56
7860,-32
7861,-17
7862,-22
7863,-38
7864,-48
7865,-44
7866,-33
7867,-25
7868,-21
7869,-12
7870,6
7871,26
7872,41
7873,49
7874,53
7875,55
7876,55
7877,50
7878,43
7879,36
7880,33
7881,35
7882,39
7883,43
7884,45
7885,48
7886,57
7887,74
7888,89
7889,90
7890,79
7891,74
7892,93
7893,129
7894,157
7895,158
7896,143
7897,137
7898,152
7899,171
7900,172
7901,146
7902,109
7903,82
7904,73
7905,73
7906,70
7907,59
7908,45
7909,34
7910,27
7911,19
7912,6
7913,-12
7914,-26
7915,-34
7916,-39
7917,-51
7918,-70
7919,-86
7920,-92
7921,-92
7922,-102
7923,-126
7924,-155
7925,-176
7926,-191
7927,-211
7928,-240
7929,-265
7930,-270
7931,-259
7932,-251
7933,-255
7934,-262
7935,-258
7936,-240
7937,-223
7938,-219
7939,-228
7940,-241
7941,-251
7942,-256
7943,-256
7944,-249
7945,-235
7946,-223
7947,-217
7948,-215
7949,-207
7950,-186
7951,-160
7952,-144
7953,-144
7954,-157
7955,-169
7956,-171
7957,-166
7958,-164
7959,-174
7960,-194
7961,-209
7962,-203
7963,-181
7964,-160
7965,-156
7966,-169
7967,-178
7968,-165
7969,-134
7970,-106
7971,-101
7972,-113
7973,-120
7974,-113
7975,-104
7976,-114
7977,-139
7978,-160
7979,-160
7980,-142
7981,-126
7982,-119
7983,-108
7984,-76
7985,-30
7986,10
7987,27
7988,30
7989,33
7990,39
7991,42
7992,34
7993,19
7994,9
7995,10
7996,16
7997,16
7998,12
7999,12
8000,24
8001,45
8002,59
8003,55
8004,34
8005,13
8006,11
8007,26
8008,41
8009,38
8010,21
8011,8
8012,12
8013,19
8014,16
8015,2
8016,-2
8017,16
8018,45
8019,58
8020,50
8021,38
8022,40
8023,52
8024,50
8025,22
8026,-19
8027,-49
8028,-63
8029,-66
8030,-68
8031,-71
8032,-76
8033,-84
8034,-92
8035,-93
8036,-88
8037,-89
8038,-113
8039,-155
8040,-189
8041,-200
8042,-199
8043,-209
8044,-232
8045,-248
8046,-239
8047,-216
8048,-200
8049,-197
8050,-193
8051,-173
8052,-143
8053,-121
8054,-112
8055,-109
8056,-99
8057,-78
8058,-51
8059,-29
8060,-18
8061,-20
8062,-27
8063,-24
8064,-7
8065,17
8066,33
8067,34
8068,29
8069,29
8070,32
8071,32
8072,26
8073,22
8074,22
8075,24
8076,20
8077,13
8078,12
8079,20
8080,26
8081,1395
8082,1494
8083,1552
8084,1541
8085,1466
8086,1349
8087,1185
8088,938
8089,594
8090,214
8091,-100
8092,-305
8093,-446
8094,-588
8095,-721
8096,-775
8097,-703
8098,-551
8099,-413
8100,-333
8101,-287
8102,-240
8103,-194
8104,-173
8105,-188
8106,-216
8107,-233
8108,-236
8109,-236
8110,-237
8111,-234
8112,-228
8113,-219
8114,-207
8115,-194
8116,-189
8117,-200
8118,-221
8119,-231
8120,-215
8121,-180
8122,-149
8123,-133
8124,-127
8125,-123
8126,-122
8127,-126
8128,-129
8129,-122
8130,-107
8131,-99
8132,-104
8133,-110
8134,-100
8135,-73
8136,-47
8137,-37
8138,-39
8139,-39
8140,-30
8141,-19
8142,-17
8143,-19
8144,-18
8145,-10
8146,-4
8147,-9
8148,-16
8149,-14
8150,0
8151,16
8152,27
8153,33
8154,41
8155,47
8156,45
8157,36
8158,39
8159,65
8160,99
8161,115
8162,104
8163,85
8164,85
8165,109
8166,136
8167,142
8168,129
8169,111
8170,105
8171,112
8172,127
8173,144
8174,160
8175,171
8176,172
8177,167
8178,165
8179,176
8180,190
8181,188
8182,161
8183,123
8184,101
8185,100
8186,105
8187,95
8188,67
8189,39
8190,26
8191,24
8192,17
8193,-1
8194,-28
8195,-53
8196,-70
8197,-76
8198,-77
8199,-78
8200,-89
8201,-107
8202,-125
8203,-137
8204,-148
8205,-164
8206,-183
8207,-198
8208,-204
8209,-206
8210,-210
8211,-210
8212,-197
8213,-175
8214,-157
8215,-156
8216,-167
8217,-174
8218,-173
8219,-173
8220,-183
8221,-201
8222,-218
8223,-221
8224,-206
8225,-178
8226,-148
8227,-130
8228,-131
8229,-141
8230,-144
8231,-132
8232,-121
8233,-133
8234,-172
8235,-214
8236,-230
8237,-215
8238,-188
8239,-170
8240,-163
8241,-155
8242,-140
8243,-127
8244,-120
8245,-118
8246,-111
8247,-103
8248,-103
8249,-119
8250,-137
8251,-141
8252,-125
8253,-106
8254,-100
8255,-110
8256,-124
8257,-129
8258,-125
8259,-122
8260,-125
8261,-125
8262,-112
8263,-86
8264,-58
8265,-40
8266,-32
8267,-20
8268,4
8269,37
8270,56
8271,50
8272,26
8273,6
8274,9
8275,27
8276,40
8277,34
8278,22
8279,22
8280,42
8281,67
8282,78
8283,76
8284,77
8285,92
8286,108
8287,106
8288,82
8289,56
8290,49
8291,64
8292,78
8293,69
8294,40
8295,14
8296,11
8297,30
8298,45
8299,39
8300,15
8301,-6
8302,-12
8303,-8
8304,-10
8305,-21
8306,-30
8307,-25
8308,-13
8309,-13
8310,-35
8311,-66
8312,-86
8313,-88
8314,-89
8315,-107
8316,-138
8317,-165
8318,-176
8319,-175
8320,-168
8321,-159
8322,-148
8323,-140
8324,-140
8325,-149
8326,-159
8327,-164
8328,-166
8329,-169
8330,-175
8331,-176
8332,-166
8333,-145
8334,-122
8335,-102
8336,-87
8337,-76
8338,-65
8339,-52
8340,-39
8341,-35
8342,-45
8343,-56
8344,-51
8345,-22
8346,17
8347,40
8348,34
8349,17
8350,12
8351,25
8352,40
8353,40
8354,26
8355,11
8356,7
8357,11
8358,19
8359,29
8360,41
8361,53
8362,61
8363,64
8364,65
8365,66
8366,66
8367,68
8368,74
8369,85
8370,93
8371,92
8372,81
8373,75
8374,85
8375,99
8376,97
8377,78
8378,61
8379,62
8380,77
8381,85
8382,81
8383,83
8384,98
8385,109
8386,92
8387,55
8388,39
8389,68
8390,120
8391,151
8392,160
8393,193
8394,286
8395,421
8396,548
8397,648
8398,749
8399,889
8400,1063
8401,1236
8402,1379
8403,1484
8404,1545
8405,1553
8406,1511
8407,1428
8408,1292
8409,1068
8410,736
8411,350
8412,13
8413,-218
8414,-377
8415,-534
8416,-693
8417,-779
8418,-731
8419,-582
8420,-428
8421,-330
8422,-274
8423,-220
8424,-168
8425,-153
8426,-184
8427,-226
8428,-241
8429,-235
8430,-241
8431,-267
8432,-283
8433,-264
8434,-218
8435,-184
8436,-180
8437,-194
8438,-200
8439,-192
8440,-183
8441,-185
8442,-189
8443,-181
8444,-159
8445,-138
8446,-132
8447,-138
8448,-137
8449,-119
8450,-94
8451,-82
8452,-94
8453,-114
8454,-116
8455,-91
8456,-59
8457,-49
8458,-67
8459,-87
8460,-81
8461,-48
8462,-14
8463,-10
8464,-32
8465,-56
8466,-58
8467,-39
8468,-20
8469,-20
8470,-36
8471,-50
8472,-46
8473,-24
8474,6
8475,32
8476,50
8477,64
8478,78
8479,90
8480,101
8481,107
8482,109
8483,107
8484,98
8485,83
8486,69
8487,62
8488,64
8489,76
8490,90
8491,101
8492,111
8493,125
8494,147
8495,171
8496,185
8497,182
8498,171
8499,166
8500,169
8501,168
8502,153
8503,131
8504,119
8505,122
8506,127
8507,116
8508,94
8509,79
8510,79
8511,80
8512,65
8513,36
8514,12
8515,4
8516,2
8517,-8
8518,-28
8519,-49
8520,-61
8521,-66
8522,-72
8523,-85
8524,-100
8525,-113
8526,-127
8527,-140
8528,-155
8529,-173
8530,-198
8531,-224
8532,-239
8533,-237
8534,-224
8535,-217
8536,-221
8537,-225
8538,-214
8539,-189
8540,-168
8541,-162
8542,-173
8543,-190
8544,-205
8545,-216
8546,-217
8547,-206
8548,-189
8549,-176
8550,-169
8551,-159
8552,-137
8553,-109
8554,-89
8555,-88
8556,-100
8557,-113
8558,-124
8559,-135
8560,-145
8561,-151
8562,-151
8563,-145
8564,-136
8565,-124
8566,-113
8567,-111
8568,-119
8569,-125
8570,-123
8571,-119
8572,-128
8573,-154
8574,-178
8575,-180
8576,-163
8577,-155
8578,-173
8579,-202
8580,-208
8581,-178
8582,-133
8583,-108
8584,-111
8585,-118
8586,-102
8587,-62
8588,-20
8589,0
8590,-4
8591,-19
8592,-30
8593,-30
8594,-20
8595,-10
8596,-5
8597,-6
8598,-7
8599,1
8600,16
8601,31
8602,36
8603,34
8604,34
8605,40
8606,47
8607,48
8608,45
8609,47
8610,59
8611,72
8612,76
8613,73
8614,66
8615,53
8616,25
8617,-16
8618,-51
8619,-62
8620,-52
8621,-45
8622,-55
8623,-72
8624,-71
8625,-48
8626,-20
8627,-10
8628,-19
8629,-35
8630,-47
8631,-52
8632,-55
8633,-56
8634,-60
8635,-68
8636,-76
8637,-79
8638,-72
8639,-61
8640,-61
8641,-80
8642,-108
8643,-131
8644,-145
8645,-157
8646,-172
8647,-188
8648,-199
8649,-204
8650,-209
8651,-213
8652,-210
8653,-200
8654,-197
8655,-211
8656,-233
8657,-234
8658,-201
8659,-151
8660,-115
8661,-105
8662,-104
8663,-86
8664,-50
8665,-16
8666,-3
8667,-7
8668,-13
8669,-9
8670,0
8671,2
8672,-8
8673,-25
8674,-38
8675,-40
8676,-34
8677,-29
8678,-27
8679,-26
8680,-15
8681,7
8682,32
8683,50
8684,59
8685,65
8686,70
8687,69
8688,59
8689,39
8690,21
8691,13
8692,11
8693,8
8694,2
8695,5
8696,28
8697,67
8698,101
8699,114
8700,107
8701,100
8702,110
8703,132
8704,145
8705,134
8706,105
8707,85
8708,94
8709,123
8710,143
8711,136
8712,110
8713,95
8714,108
8715,138
8716,169
8717,204
8718,261
8719,352
8720,457
8721,557
8722,659
8723,785
8724,949
8725,1130
8726,1296
8727,1421
8728,1493
8729,1507
8730,1462
8731,1365
8732,1213
8733,984
8734,654
8735,254
8736,-121
8737,-377
8738,-506
8739,-584
8740,-680
8741,-767
8742,-763
8743,-632
8744,-434
8745,-274
8746,-199
8747,-184
8748,-181
8749,-172
8750,-170
8751,-183
8752,-205
8753,-226
8754,-245
8755,-258
8756,-257
8757,-236
8758,-207
8759,-191
8760,-194
8761,-203
8762,-200
8763,-182
8764,-161
8765,-150
8766,-149
8767,-142
8768,-122
8769,-94
8770,-79
8771,-91
8772,-118
8773,-131
8774,-113
8775,-73
8776,-38
8777,-26
8778,-31
8779,-34
8780,-29
8781,-18
8782,-10
8783,-9
8784,-11
8785,-14
8786,-18
8787,-22
8788,-25
8789,-25
8790,-19
8791,-2
8792,23
8793,44
8794,50
8795,44
8796,51
8797,83
8798,123
8799,137
8800,112
8801,75
8802,61
8803,80
8804,104
8805,108
8806,98
8807,94
8808,103
8809,109
8810,105
8811,102
8812,115
8813,138
8814,152
8815,148
8816,146
8817,163
8818,198
8819,230
8820,243
8821,240
8822,235
8823,230
8824,223
8825,214
8826,204
8827,195
8828,187
8829,184
8830,190
8831,202
8832,207
8833,198
8834,183
8835,176
8836,171
8837,149
8838,103
8839,54
8840,29
8841,30
8842,34
8843,19
8844,-6
8845,-23
8846,-28
8847,-43
8848,-84
8849,-139
8850,-181
8851,-198
8852,-204
8853,-217
8854,-232
8855,-234
8856,-216
8857,-192
8858,-182
8859,-188
8860,-200
8861,-211
8862,-223
8863,-241
8864,-258
8865,-260
8866,-247
8867,-232
8868,-226
8869,-223
8870,-210
8871,-191
8872,-189
8873,-210
8874,-236
8875,-240
8876,-221
8877,-206
8878,-215
8879,-239
8880,-248
8881,-231
8882,-206
8883,-195
8884,-203
8885,-216
8886,-221
8887,-221
8888,-220
8889,-216
8890,-204
8891,-186
8892,-173
8893,-170
8894,-172
8895,-170
8896,-161
8897,-151
8898,-146
8899,-144
8900,-143
8901,-139
8902,-131
8903,-119
8904,-99
8905,-74
8906,-53
8907,-46
8908,-51
8909,-57
8910,-51
8911,-30
8912,-3
8913,15
8914,17
8915,11
8916,9
8917,17
8918,27
8919,31
8920,25
8921,19
8922,23
8923,34
8924,38
8925,28
8926,14
8927,18
8928,48
8929,83
8930,97
8931,88
8932,78
8933,88
8934,111
8935,122
8936,103
8937,68
8938,45
8939,47
8940,59
8941,59
8942,41
8943,21
8944,16
8945,26
8946,36
8947,35
8948,20
8949,3
8950,-5
8951,-4
8952,-1
8953,-3
8954,-14
8955,-29
8956,-41
8957,-52
8958,-63
8959,-77
8960,-93
8961,-106
8962,-122
8963,-146
8964,-175
8965,-199
8966,-203
8967,-190
8968,-176
8969,-171
8970,-172
8971,-163
8972,-142
8973,-119
8974,-104
8975,-96
8976,-85
8977,-68
8978,-49
8979,-34
8980,-22
8981,-10
8982,0
8983,7
8984,12
8985,21
8986,34
8987,41
8988,38
8989,33
8990,40
8991,60
8992,83
8993,92
8994,85
8995,73
8996,70
8997,82
8998,102
8999,111
9000,98
9001,67
9002,41
9003,38
9004,60
9005,82
9006,86
9007,76
9008,72
9009,87
9010,110
9011,126
9012,126
9013,119
9014,111
9015,100
9016,87
9017,79
9018,85
9019,105
9020,123
9021,130
9022,131
9023,138
9024,156
9025,178
9026,193
9027,206
9028,222
9029,246
9030,275
9031,319
9032,389
9033,482
9034,579
9035,665
9036,756
9037,875
9038,1029
9039,1193
9040,1337
9041,1446
9042,1512
9043,1525
9044,1478
9045,1376
9046,1225
9047,1001
9048,679
9049,286
9050,-83
9051,-336
9052,-466
9053,-550
9054,-650
9055,-734
9056,-722
9057,-588
9058,-402
9059,-260
9060,-199
9061,-191
9062,-190
9063,-187
9064,-192
9065,-211
9066,-230
9067,-238
9068,-238
9069,-239
9070,-244
9071,-247
9072,-239
9073,-216
9074,-186
9075,-164
9076,-161
9077,-172
9078,-180
9079,-171
9080,-141
9081,-102
9082,-71
9083,-62
9084,-76
9085,-97
9086,-104
9087,-83
9088,-45
9089,-15
9090,-10
9091,-21
9092,-26
9093,-16
9094,-1
9095,8
9096,7
9097,4
9098,7
9099,13
9100,17
9101,20
9102,26
9103,38
9104,56
9105,70
9106,73
9107,67
9108,60
9109,60
9110,65
9111,68
9112,61
9113,49
9114,40
9115,38
9116,39
9117,43
9118,56
9119,82
9120,116
9121,142
9122,153
9123,163
9124,183
9125,211
9126,229
9127,226
9128,211
9129,200
9130,201
9131,207
9132,206
9133,199
9134,193
9135,196
9136,204
9137,212
9138,217
9139,220
9140,222
9141,222
9142,220
9143,215
9144,209
9145,200
9146,188
9147,172
9148,152
9149,132
9150,116
9151,105
9152,95
9153,76
9154,42
9155,-2
9156,-42
9157,-66
9158,-78
9159,-93
9160,-123
9161,-158
9162,-176
9163,-162
9164,-128
9165,-99
9166,-94
9167,-112
9168,-135
9169,-149
9170,-155
9171,-165
9172,-186
9173,-213
9174,-231
9175,-229
9176,-215
9177,-197
9178,-183
9179,-168
9180,-148
9181,-128
9182,-120
9183,-128
9184,-143
9185,-152
9186,-155
9187,-156
9188,-162
9189,-166
9190,-160
9191,-147
9192,-137
9193,-136
9194,-144
9195,-152
9196,-155
9197,-153
9198,-151
9199,-149
9200,-150
9201,-153
9202,-155
9203,-148
9204,-131
9205,-120
9206,-129
9207,-159
9208,-184
9209,-181
9210,-150
9211,-119
9212,-111
9213,-123
9214,-128
9215,-108
9216,-69
9217,-35
9218,-17
9219,-11
9220,-5
9221,5
9222,15
9223,22
9224,29
9225,41
9226,53
9227,55
9228,43
9229,26
9230,16
9231,14
9232,12
9233,1
9234,-9
9235,0
9236,32
9237,73
9238,102
9239,112
9240,117
9241,132
9242,153
9243,163
9244,149
9245,117
9246,86
9247,70
9248,68
9249,72
9250,76
9251,75
9252,73
9253,73
9254,79
9255,87
9256,90
9257,79
9258,50
9259,9
9260,-33
9261,-60
9262,-68
9263,-64
9264,-62
9265,-70
9266,-78
9267,-72
9268,-56
9269,-49
9270,-64
9271,-96
9272,-122
9273,-133
9274,-142
9275,-167
9276,-199
9277,-214
9278,-196
9279,-156
9280,-120
9281,-100
9282,-84
9283,-59
9284,-25
9285,8
9286,33
9287,46
9288,47
9289,42
9290,37
9291,37
9292,36
9293,24
9294,2
9295,-8
9296,4
9297,28
9298,37
9299,27
9300,22
9301,41
9302,75
9303,92
9304,85
9305,74
9306,81
9307,98
9308,99
9309,83
9310,75
9311,98
9312,131
9313,135
9314,99
9315,55
9316,43
9317,66
9318,91
9319,88
9320,62
9321,42
9322,48
9323,71
9324,92
9325,104
9326,110
9327,114
9328,109
9329,98
9330,95
9331,108
9332,127
9333,137
9334,132
9335,124
9336,129
9337,149
9338,175
9339,206
9340,254
9341,327
9342,418
9343,516
9344,624
9345,753
9346,903
9347,1053
9348,1186
9349,1305
9350,1420
9351,1518
9352,1569
9353,1558
9354,1490
9355,1372
9356,1190
9357,926
9358,601
9359,277
9360,6
9361,-209
9362,-400
9363,-571
9364,-684
9365,-696
9366,-612
9367,-484
9368,-368
9369,-281
9370,-220
9371,-180
9372,-164
9373,-174
9374,-202
9375,-235
9376,-268
9377,-300
9378,-323
9379,-325
9380,-299
9381,-252
9382,-202
9383,-172
9384,-173
9385,-196
9386,-220
9387,-231
9388,-229
9389,-226
9390,-225
9391,-226
9392,-232
9393,-245
9394,-253
9395,-232
9396,-174
9397,-110
9398,-82
9399,-103
9400,-134
9401,-130
9402,-87
9403,-49
9404,-53
9405,-91
9406,-120
9407,-119
9408,-100
9409,-94
9410,-100
9411,-98
9412,-76
9413,-48
9414,-35
9415,-36
9416,-27
9417,8
9418,53
9419,79
9420,75
9421,57
9422,49
9423,50
9424,41
9425,16
9426,-11
9427,-24
9428,-28
9429,-35
9430,-40
9431,-26
9432,11
9433,51
9434,71
9435,78
9436,94
9437,125
9438,146
9439,136
9440,100
9441,66
9442,52
9443,56
9444,62
9445,62
9446,56
9447,46
9448,38
9449,47
9450,80
9451,120
9452,138
9453,120
9454,86
9455,63
9456,52
9457,39
9458,11
9459,-17
9460,-29
9461,-32
9462,-48
9463,-82
9464,-109
9465,-109
9466,-85
9467,-70
9468,-86
9469,-125
9470,-163
9471,-183
9472,-190
9473,-197
9474,-212
9475,-233
9476,-253
9477,-261
9478,-253
9479,-234
9480,-216
9481,-204
9482,-196
9483,-188
9484,-181
9485,-182
9486,-195
9487,-210
9488,-214
9489,-205
9490,-196
9491,-199
9492,-211
9493,-214
9494,-197
9495,-166
9496,-133
9497,-108
9498,-94
9499,-93
9500,-106
9501,-127
9502,-143
9503,-147
9504,-148
9505,-163
9506,-191
9507,-214
9508,-212
9509,-188
9510,-165
9511,-158
9512,-155
9513,-142
9514,-124
9515,-117
9516,-126
9517,-136
9518,-131
9519,-121
9520,-121
9521,-133
9522,-139
9523,-131
9524,-127
9525,-139
9526,-154
9527,-143
9528,-101
9529,-61
9530,-54
9531,-71
9532,-73
9533,-41
9534,3
9535,26
9536,15
9537,-14
9538,-40
9539,-57
9540,-63
9541,-58
9542,-40
9543,-18
9544,2
9545,20
9546,43
9547,73
9548,99
9549,107
9550,98
9551,87
9552,77
9553,63
9554,37
9555,9
9556,-3
9557,7
9558,27
9559,38
9560,33
9561,27
9562,33
9563,49
9564,59
9565,49
9566,24
9567,0
9568,-13
9569,-22
9570,-40
9571,-72
9572,-106
9573,-123
9574,-114
9575,-93
9576,-84
9577,-100
9578,-125
9579,-135
9580,-127
9581,-122
9582,-145
9583,-190
9584,-225
9585,-229
9586,-214
9587,-205
9588,-206
9589,-197
9590,-161
9591,-110
9592,-69
9593,-48
9594,-30
9595,-2
9596,32
9597,53
9598,51
9599,44
9600,49
9601,62
9602,63
9603,41
9604,10
9605,-9
9606,-7
9607,0
9608,-6
9609,-24
9610,-34
9611,-15
9612,28
9613,74
9614,101
9615,106
9616,103
9617,105
9618,117
9619,128
9620,127
9621,112
9622,91
9623,70
9624,53
9625,42
9626,36
9627,35
9628,37
9629,39
9630,42
9631,48
9632,61
9633,79
9634,100
9635,119
9636,131
9637,136
9638,139
9639,142
9640,148
9641,149
9642,135
9643,106
9644,79
9645,74
9646,96
9647,131
9648,169
9649,221
9650,306
9651,423
9652,542
9653,644
9654,739
9655,856
9656,1007
9657,1168
9658,1306
9659,1406
9660,1475
9661,1515
9662,1522
9663,1482
9664,1386
9665,1219
9666,970
9667,647
9668,304
9669,8
9670,-210
9671,-379
9672,-537
9673,-677
9674,-742
9675,-687
9676,-543
9677,-396
9678,-315
9679,-293
9680,-280
9681,-243
9682,-199
9683,-182
9684,-199
9685,-221
9686,-224
9687,-208
9688,-188
9689,-169
9690,-151
9691,-140
9692,-150
9693,-183
9694,-220
9695,-239
9696,-242
9697,-252
9698,-272
9699,-279
9700,-248
9701,-185
9702,-123
9703,-87
9704,-73
9705,-57
9706,-32
9707,-14
9708,-19
9709,-46
9710,-79
9711,-100
9712,-105
9713,-100
9714,-96
9715,-94
9716,-90
9717,-84
9718,-79
9719,-76
9720,-70
9721,-52
9722,-26
9723,-5
9724,-1
9725,-6
9726,-3
9727,16
9728,39
9729,44
9730,25
9731,-4
9732,-24
9733,-28
9734,-24
9735,-20
9736,-12
9737,9
9738,44
9739,81
9740,103
9741,112
9742,118
9743,127
9744,131
9745,118
9746,92
9747,76
9748,85
9749,113
9750,137
9751,142
9752,134
9753,129
9754,131
9755,131
9756,118
9757,95
9758,73
9759,61
9760,61
9761,72
9762,88
9763,104
9764,112
9765,108
9766,91
9767,62
9768,26
9769,-5
9770,-24
9771,-33
9772,-46
9773,-69
9774,-93
9775,-98
9776,-76
9777,-48
9778,-38
9779,-58
9780,-95
9781,-129
9782,-149
9783,-157
9784,-161
9785,-168
9786,-180
9787,-192
9788,-194
9789,-185
9790,-172
9791,-166
9792,-168
9793,-172
9794,-178
9795,-191
9796,-209
9797,-220
9798,-209
9799,-181
9800,-163
9801,-168
9802,-185
9803,-185
9804,-155
9805,-116
9806,-98
9807,-111
9808,-137
9809,-148
9810,-137
9811,-117
9812,-112
9813,-126
9814,-145
9815,-153
9816,-151
9817,-149
9818,-153
9819,-156
9820,-149
9821,-137
9822,-133
9823,-138
9824,-139
9825,-126
9826,-102
9827,-84
9828,-86
9829,-103
9830,-116
9831,-113
9832,-90
9833,-60
9834,-43
9835,-50
9836,-72
9837,-84
9838,-71
9839,-44
9840,-25
9841,-24
9842,-24
9843,-7
9844,22
9845,38
9846,29
9847,12
9848,9
9849,25
9850,41
9851,40
9852,28
9853,27
9854,47
9855,76
9856,95
9857,95
9858,83
9859,74
9860,75
9861,79
9862,80
9863,75
9864,68
9865,67
9866,74
9867,83
9868,90
9869,89
9870,83
9871,79
9872,77
9873,70
9874,49
9875,14
9876,-15
9877,-21
9878,-9
9879,-3
9880,-18
9881,-44
9882,-58
9883,-51
9884,-44
9885,-59
9886,-93
9887,-119
9888,-119
9889,-103
9890,-94
9891,-107
9892,-131
9893,-146
9894,-144
9895,-132
9896,-126
9897,-133
9898,-146
9899,-148
9900,-127
9901,-91
9902,-58
9903,-39
9904,-25
9905,-3
9906,30
9907,60
9908,69
9909,60
9910,49
9911,43
9912,36
9913,21
9914,4
9915,-1
9916,8
9917,23
9918,33
9919,43
9920,65
9921,93
9922,105
9923,92
9924,67
9925,59
9926,71
9927,83
9928,72
9929,48
9930,37
9931,55
9932,90
9933,118
9934,126
9935,122
9936,118
9937,121
9938,128
9939,132
9940,124
9941,102
9942,78
9943,62
9944,64
9945,80
9946,99
9947,115
9948,128
9949,140
9950,155
9951,172
9952,187
9953,194
9954,190
9955,177
9956,171
9957,178
9958,196
9959,218
9960,245
9961,289
9962,360
9963,457
9964,571
9965,701
9966,850
9967,1018
9968,1195
9969,1361
9970,1494
9971,1575
9972,1601
9973,1576
9974,1501
9975,1362
9976,1132
9977,812
9978,453
9979,129
9980,-120
9981,-316
9982,-501
9983,-671
9984,-766
9985,-739
9986,-613
9987,-468
9988,-364
9989,-301
9990,-243
9991,-176
9992,-124
9993,-117
9994,-148
9995,-187
9996,-212
9997,-225
9998,-241
9999,-262
10000,-275
